system_id,utterance_id,wav_a_path,wav_b_path,human_speaker,human_accent,model_speaker,model_accent
sys008,utt058,wav/vmc2026-track3-sys008-utt058.wav,wav/vmc2026-track3-sys019-utt057.wav,4.6,4.2,4.7800381100475855,4.739830519046252
sys008,utt054,wav/vmc2026-track3-sys008-utt054.wav,wav/vmc2026-track3-sys019-utt053.wav,4.6,4.4,4.5723047850451355,4.464551459491328
sys004,utt132,wav/vmc2026-track3-sys004-utt132.wav,wav/vmc2026-track3-sys019-utt131.wav,2.5,3.5,3.357313731154174,3.3119091328592916
sys021,utt064,wav/vmc2026-track3-sys021-utt064.wav,wav/vmc2026-track3-sys019-utt063.wav,2.8,2.6,3.8482905409971147,3.619660746617421
sys004,utt008,wav/vmc2026-track3-sys004-utt008.wav,wav/vmc2026-track3-sys019-utt007.wav,3.6,3.4,3.6156246866939754,3.7798413191757616
sys021,utt084,wav/vmc2026-track3-sys021-utt084.wav,wav/vmc2026-track3-sys019-utt083.wav,2.6,1.6,3.781815488151116,3.4508776691603478
sys004,utt068,wav/vmc2026-track3-sys004-utt068.wav,wav/vmc2026-track3-sys019-utt067.wav,3.2,2.8,3.4871678828032904,3.5376391313951627
sys014,utt100,wav/vmc2026-track3-sys014-utt100.wav,wav/vmc2026-track3-sys019-utt099.wav,4.2,4.0,4.426236983942096,4.444218473058415
sys025,utt056,wav/vmc2026-track3-sys025-utt056.wav,wav/vmc2026-track3-sys019-utt055.wav,4.2,3.6,3.7718651259724614,4.025986738695741
sys017,utt096,wav/vmc2026-track3-sys017-utt096.wav,wav/vmc2026-track3-sys019-utt095.wav,4.4,2.8,4.127930261820053,4.168104516189851
sys022,utt094,wav/vmc2026-track3-sys022-utt094.wav,wav/vmc2026-track3-sys019-utt093.wav,4.0,2.4,3.906276163481088,3.881942989447934
sys021,utt124,wav/vmc2026-track3-sys021-utt124.wav,wav/vmc2026-track3-sys019-utt123.wav,4.0,4.0,3.738762348760866,3.7506549409544054
sys004,utt164,wav/vmc2026-track3-sys004-utt164.wav,wav/vmc2026-track3-sys019-utt163.wav,3.2,3.6,3.5793256224457615,3.5282933474899503
sys004,utt172,wav/vmc2026-track3-sys004-utt172.wav,wav/vmc2026-track3-sys019-utt171.wav,3.0,3.0,3.095484956996258,3.113735592487644
sys001,utt056,wav/vmc2026-track3-sys001-utt056.wav,wav/vmc2026-track3-sys019-utt055.wav,4.6,4.2,4.114759843723018,4.200141973581486
sys012,utt098,wav/vmc2026-track3-sys012-utt098.wav,wav/vmc2026-track3-sys019-utt097.wav,4.8,4.4,3.9856757900138735,4.0479877445884735
sys001,utt096,wav/vmc2026-track3-sys001-utt096.wav,wav/vmc2026-track3-sys019-utt095.wav,3.6,3.2,3.9987342735469684,4.055854986289266
sys025,utt052,wav/vmc2026-track3-sys025-utt052.wav,wav/vmc2026-track3-sys019-utt051.wav,3.2,3.2,3.6210258654049374,3.8773807142199566
sys004,utt110,wav/vmc2026-track3-sys004-utt110.wav,wav/vmc2026-track3-sys019-utt109.wav,3.8,4.2,3.4108614931657963,3.602960616552556
sys015,utt240,wav/vmc2026-track3-sys015-utt240.wav,wav/vmc2026-track3-sys019-utt239.wav,3.8,4.2,4.0505392019351145,3.990574347768117
sys004,utt032,wav/vmc2026-track3-sys004-utt032.wav,wav/vmc2026-track3-sys019-utt031.wav,3.4,3.2,3.072947329977956,3.0374203060107625
sys004,utt140,wav/vmc2026-track3-sys004-utt140.wav,wav/vmc2026-track3-sys019-utt139.wav,2.6,2.0,3.073129752012293,2.9411383961331805
sys004,utt216,wav/vmc2026-track3-sys004-utt216.wav,wav/vmc2026-track3-sys019-utt215.wav,3.2,3.0,3.4006698356724154,3.5867131156986645
sys004,utt170,wav/vmc2026-track3-sys004-utt170.wav,wav/vmc2026-track3-sys019-utt169.wav,4.0,4.0,3.7225610172974397,3.668096709196012
sys011,utt100,wav/vmc2026-track3-sys011-utt100.wav,wav/vmc2026-track3-sys019-utt099.wav,5.0,4.8,4.589611468273447,4.5775097085044125
sys021,utt152,wav/vmc2026-track3-sys021-utt152.wav,wav/vmc2026-track3-sys019-utt151.wav,3.4,4.0,4.147537317129696,4.002962120266589
sys004,utt238,wav/vmc2026-track3-sys004-utt238.wav,wav/vmc2026-track3-sys019-utt237.wav,3.4,3.6,3.5951883250450565,3.6571390122823995
sys011,utt240,wav/vmc2026-track3-sys011-utt240.wav,wav/vmc2026-track3-sys019-utt239.wav,4.8,4.8,4.08676031153449,4.065740338928374
sys003,utt094,wav/vmc2026-track3-sys003-utt094.wav,wav/vmc2026-track3-sys019-utt093.wav,4.8,4.6,4.256124331920517,4.212436310630416
sys021,utt090,wav/vmc2026-track3-sys021-utt090.wav,wav/vmc2026-track3-sys019-utt089.wav,4.6,4.4,3.6999185165474673,3.27013995706059
sys008,utt096,wav/vmc2026-track3-sys008-utt096.wav,wav/vmc2026-track3-sys019-utt095.wav,5.0,4.8,4.539859276636191,4.44593040716598
sys023,utt058,wav/vmc2026-track3-sys023-utt058.wav,wav/vmc2026-track3-sys019-utt057.wav,4.2,5.0,4.460452320208707,4.4815968489335765
sys005,utt058,wav/vmc2026-track3-sys005-utt058.wav,wav/vmc2026-track3-sys019-utt057.wav,3.8,4.0,3.704578823196866,3.9664866459857797
sys021,utt010,wav/vmc2026-track3-sys021-utt010.wav,wav/vmc2026-track3-sys019-utt009.wav,4.4,4.4,4.0271173147736565,3.9275037667094788
sys005,utt056,wav/vmc2026-track3-sys005-utt056.wav,wav/vmc2026-track3-sys019-utt055.wav,4.2,4.6,3.5287837245621367,3.7217865926400804
sys004,utt020,wav/vmc2026-track3-sys004-utt020.wav,wav/vmc2026-track3-sys019-utt019.wav,4.0,4.0,3.49231669034463,3.6479164884691038
sys014,utt094,wav/vmc2026-track3-sys014-utt094.wav,wav/vmc2026-track3-sys019-utt093.wav,4.6,4.4,4.442392594438641,4.338481500199685
sys010,utt098,wav/vmc2026-track3-sys010-utt098.wav,wav/vmc2026-track3-sys019-utt097.wav,4.6,3.2,3.8141840764515504,3.624651070607553
sys004,utt214,wav/vmc2026-track3-sys004-utt214.wav,wav/vmc2026-track3-sys019-utt213.wav,3.2,3.6,3.392874337969934,3.591819106859624
sys021,utt112,wav/vmc2026-track3-sys021-utt112.wav,wav/vmc2026-track3-sys019-utt111.wav,4.0,2.4,3.5569747506380414,3.2753148395042864
sys004,utt274,wav/vmc2026-track3-sys004-utt274.wav,wav/vmc2026-track3-sys019-utt273.wav,3.0,3.6,3.6477231793430174,3.7061144316979386
sys002,utt098,wav/vmc2026-track3-sys002-utt098.wav,wav/vmc2026-track3-sys019-utt097.wav,5.0,4.6,4.113639761550902,4.000545347684193
sys026,utt240,wav/vmc2026-track3-sys026-utt240.wav,wav/vmc2026-track3-sys019-utt239.wav,3.8,4.4,3.709677438135352,3.6049917670761022
sys004,utt296,wav/vmc2026-track3-sys004-utt296.wav,wav/vmc2026-track3-sys019-utt295.wav,3.2,3.8,3.54337479057991,3.777722343963645
sys005,utt052,wav/vmc2026-track3-sys005-utt052.wav,wav/vmc2026-track3-sys019-utt051.wav,4.0,4.0,3.512084451725396,3.8298913478345056
sys007,utt100,wav/vmc2026-track3-sys007-utt100.wav,wav/vmc2026-track3-sys019-utt099.wav,1.8,2.2,3.700842433879235,3.6864458545224412
sys004,utt084,wav/vmc2026-track3-sys004-utt084.wav,wav/vmc2026-track3-sys019-utt083.wav,4.2,4.4,3.60148379477702,3.6099702885476987
sys021,utt094,wav/vmc2026-track3-sys021-utt094.wav,wav/vmc2026-track3-sys019-utt093.wav,4.0,2.8,4.108272974921433,3.851399607184827
sys018,utt094,wav/vmc2026-track3-sys018-utt094.wav,wav/vmc2026-track3-sys019-utt093.wav,4.0,4.6,3.481970430964015,3.8128093813937993
sys004,utt262,wav/vmc2026-track3-sys004-utt262.wav,wav/vmc2026-track3-sys019-utt261.wav,2.8,4.6,3.3491471591476616,3.7003437670435617
sys021,utt274,wav/vmc2026-track3-sys021-utt274.wav,wav/vmc2026-track3-sys019-utt273.wav,3.4,3.2,3.9442091232627874,3.9067339135657178
sys004,utt034,wav/vmc2026-track3-sys004-utt034.wav,wav/vmc2026-track3-sys019-utt033.wav,4.2,4.4,3.5104067191762276,3.4801958323304896
sys004,utt146,wav/vmc2026-track3-sys004-utt146.wav,wav/vmc2026-track3-sys019-utt145.wav,3.4,3.6,3.3655665834622237,3.556762263709826
sys004,utt180,wav/vmc2026-track3-sys004-utt180.wav,wav/vmc2026-track3-sys019-utt179.wav,2.8,3.6,3.0292017624423986,3.207921857354673
sys020,utt092,wav/vmc2026-track3-sys020-utt092.wav,wav/vmc2026-track3-sys019-utt091.wav,3.2,3.6,2.625647747042433,3.078734372046714
sys004,utt300,wav/vmc2026-track3-sys004-utt300.wav,wav/vmc2026-track3-sys019-utt299.wav,3.0,4.2,3.3607959702503267,3.700792910558146
sys004,utt054,wav/vmc2026-track3-sys004-utt054.wav,wav/vmc2026-track3-sys019-utt053.wav,3.8,4.0,3.5335023046374188,3.7251361352956973
sys009,utt098,wav/vmc2026-track3-sys009-utt098.wav,wav/vmc2026-track3-sys019-utt097.wav,4.0,3.8,4.40711005433749,4.06793992179453
sys021,utt022,wav/vmc2026-track3-sys021-utt022.wav,wav/vmc2026-track3-sys019-utt021.wav,3.8,3.0,3.6727711591174597,3.7591949238083675
sys023,utt052,wav/vmc2026-track3-sys023-utt052.wav,wav/vmc2026-track3-sys019-utt051.wav,2.2,2.8,3.012726216530715,2.846418744392146
sys004,utt002,wav/vmc2026-track3-sys004-utt002.wav,wav/vmc2026-track3-sys019-utt001.wav,3.0,2.8,3.692591293440226,3.653495812974003
sys013,utt092,wav/vmc2026-track3-sys013-utt092.wav,wav/vmc2026-track3-sys019-utt091.wav,4.2,3.4,3.9872561680803402,3.974386201445741
sys021,utt266,wav/vmc2026-track3-sys021-utt266.wav,wav/vmc2026-track3-sys019-utt265.wav,4.2,3.6,3.8753411592714913,4.0390189254531395
sys022,utt092,wav/vmc2026-track3-sys022-utt092.wav,wav/vmc2026-track3-sys019-utt091.wav,3.2,2.2,3.520520179256726,3.5299974779856154
sys020,utt094,wav/vmc2026-track3-sys020-utt094.wav,wav/vmc2026-track3-sys019-utt093.wav,2.2,2.4,2.783072991884268,3.1591835221698696
sys008,utt060,wav/vmc2026-track3-sys008-utt060.wav,wav/vmc2026-track3-sys019-utt059.wav,4.8,4.6,4.525125675215083,4.623548505594852
sys018,utt188,wav/vmc2026-track3-sys018-utt188.wav,wav/vmc2026-track3-sys019-utt187.wav,4.2,4.6,3.572308474531584,3.6363748582377675
sys004,utt044,wav/vmc2026-track3-sys004-utt044.wav,wav/vmc2026-track3-sys019-utt043.wav,3.2,3.6,3.3922692357269515,3.661980418847881
sys003,utt056,wav/vmc2026-track3-sys003-utt056.wav,wav/vmc2026-track3-sys019-utt055.wav,3.2,2.6,4.314493908823133,4.402666999011704
sys004,utt268,wav/vmc2026-track3-sys004-utt268.wav,wav/vmc2026-track3-sys019-utt267.wav,3.0,3.4,3.2119963541369936,3.4963106377077326
sys023,utt188,wav/vmc2026-track3-sys023-utt188.wav,wav/vmc2026-track3-sys019-utt187.wav,4.6,4.8,4.229260631923081,4.133600018951355
sys017,utt100,wav/vmc2026-track3-sys017-utt100.wav,wav/vmc2026-track3-sys019-utt099.wav,3.0,2.6,4.303831342727805,4.349431627869537
sys021,utt136,wav/vmc2026-track3-sys021-utt136.wav,wav/vmc2026-track3-sys019-utt135.wav,3.6,2.8,3.6742807442112815,3.6193088846806942
sys004,utt186,wav/vmc2026-track3-sys004-utt186.wav,wav/vmc2026-track3-sys019-utt185.wav,2.8,3.0,3.263935341193538,3.469966555191168
sys009,utt056,wav/vmc2026-track3-sys009-utt056.wav,wav/vmc2026-track3-sys019-utt055.wav,5.0,5.0,4.436047206012526,4.292993460818285
sys013,utt188,wav/vmc2026-track3-sys013-utt188.wav,wav/vmc2026-track3-sys019-utt187.wav,3.8,3.2,4.151924985314763,4.005083398511594
sys021,utt262,wav/vmc2026-track3-sys021-utt262.wav,wav/vmc2026-track3-sys019-utt261.wav,5.0,5.0,4.330027578262822,4.290970211294393
sys021,utt058,wav/vmc2026-track3-sys021-utt058.wav,wav/vmc2026-track3-sys019-utt057.wav,3.6,2.8,3.9809844043112235,4.0654904452344605
sys014,utt058,wav/vmc2026-track3-sys014-utt058.wav,wav/vmc2026-track3-sys019-utt057.wav,4.2,3.8,4.614693927685144,4.747783804650246
sys021,utt180,wav/vmc2026-track3-sys021-utt180.wav,wav/vmc2026-track3-sys019-utt179.wav,4.2,3.0,3.6263919351901723,3.382990243371302
sys022,utt060,wav/vmc2026-track3-sys022-utt060.wav,wav/vmc2026-track3-sys019-utt059.wav,3.4,2.4,3.796771555729708,3.8256417525710393
sys021,utt006,wav/vmc2026-track3-sys021-utt006.wav,wav/vmc2026-track3-sys019-utt005.wav,3.2,2.6,3.6890989374990726,3.6275908454242085
sys004,utt062,wav/vmc2026-track3-sys004-utt062.wav,wav/vmc2026-track3-sys019-utt061.wav,2.6,2.6,3.357393105003567,3.472305416921781
sys021,utt106,wav/vmc2026-track3-sys021-utt106.wav,wav/vmc2026-track3-sys019-utt105.wav,5.0,4.6,3.9780345480138877,4.0170313825728
sys016,utt052,wav/vmc2026-track3-sys016-utt052.wav,wav/vmc2026-track3-sys019-utt051.wav,3.2,2.8,3.9516166304500198,4.0725780394752675
sys018,utt098,wav/vmc2026-track3-sys018-utt098.wav,wav/vmc2026-track3-sys019-utt097.wav,2.6,2.6,3.364874753517148,3.5665845650279007
sys004,utt030,wav/vmc2026-track3-sys004-utt030.wav,wav/vmc2026-track3-sys019-utt029.wav,3.2,3.0,3.503113463235468,3.72157506165706
sys018,utt052,wav/vmc2026-track3-sys018-utt052.wav,wav/vmc2026-track3-sys019-utt051.wav,3.4,3.2,3.7161162177336005,3.974794821780988
sys022,utt100,wav/vmc2026-track3-sys022-utt100.wav,wav/vmc2026-track3-sys019-utt099.wav,3.0,2.0,3.661876932105693,3.553563178976666
sys011,utt188,wav/vmc2026-track3-sys011-utt188.wav,wav/vmc2026-track3-sys019-utt187.wav,4.6,4.6,4.271929489782577,4.1913847950077034
sys021,utt138,wav/vmc2026-track3-sys021-utt138.wav,wav/vmc2026-track3-sys019-utt137.wav,2.2,2.2,3.5544268222807074,3.469003058234919
sys004,utt204,wav/vmc2026-track3-sys004-utt204.wav,wav/vmc2026-track3-sys019-utt203.wav,3.4,3.0,3.197094078317214,3.32113879459539
sys005,utt240,wav/vmc2026-track3-sys005-utt240.wav,wav/vmc2026-track3-sys019-utt239.wav,4.2,3.8,3.437432600229332,3.516144226098281
sys010,utt188,wav/vmc2026-track3-sys010-utt188.wav,wav/vmc2026-track3-sys019-utt187.wav,4.6,4.8,3.746015461941913,3.740544639309811
sys021,utt066,wav/vmc2026-track3-sys021-utt066.wav,wav/vmc2026-track3-sys019-utt065.wav,3.4,3.2,4.143919310014542,4.020494026062627
sys012,utt052,wav/vmc2026-track3-sys012-utt052.wav,wav/vmc2026-track3-sys019-utt051.wav,4.2,4.2,3.914418814545199,4.154677325571232
sys016,utt054,wav/vmc2026-track3-sys016-utt054.wav,wav/vmc2026-track3-sys019-utt053.wav,3.8,4.4,3.9057623896841216,3.9643250504375533
sys004,utt050,wav/vmc2026-track3-sys004-utt050.wav,wav/vmc2026-track3-sys019-utt049.wav,2.8,2.8,3.6999502290439077,3.7971575108614863
sys004,utt028,wav/vmc2026-track3-sys004-utt028.wav,wav/vmc2026-track3-sys019-utt027.wav,3.8,3.8,3.6041367195038974,3.588100585054046
sys021,utt166,wav/vmc2026-track3-sys021-utt166.wav,wav/vmc2026-track3-sys019-utt165.wav,4.6,5.0,3.8904288883176217,3.9397891951501314
sys021,utt012,wav/vmc2026-track3-sys021-utt012.wav,wav/vmc2026-track3-sys019-utt011.wav,4.4,3.2,4.063145251676415,3.8667095622031726
sys017,utt056,wav/vmc2026-track3-sys017-utt056.wav,wav/vmc2026-track3-sys019-utt055.wav,4.0,4.0,4.326025286020165,4.459061744860113
sys004,utt006,wav/vmc2026-track3-sys004-utt006.wav,wav/vmc2026-track3-sys019-utt005.wav,4.0,3.8,3.608729120924514,3.5503946581994437
sys004,utt254,wav/vmc2026-track3-sys004-utt254.wav,wav/vmc2026-track3-sys019-utt253.wav,3.0,3.6,3.4132032915845136,3.2253991440164036
sys001,utt052,wav/vmc2026-track3-sys001-utt052.wav,wav/vmc2026-track3-sys019-utt051.wav,4.2,3.4,4.150437377925386,4.320034844023789
sys001,utt094,wav/vmc2026-track3-sys001-utt094.wav,wav/vmc2026-track3-sys019-utt093.wav,3.8,4.0,3.9544617218726317,3.9303093793765784
sys021,utt250,wav/vmc2026-track3-sys021-utt250.wav,wav/vmc2026-track3-sys019-utt249.wav,3.8,3.6,4.079828201514124,3.853921341965527
sys008,utt100,wav/vmc2026-track3-sys008-utt100.wav,wav/vmc2026-track3-sys019-utt099.wav,4.4,4.8,4.625590579519912,4.54493701575498
sys021,utt016,wav/vmc2026-track3-sys021-utt016.wav,wav/vmc2026-track3-sys019-utt015.wav,4.0,3.8,4.053467334702294,4.008362077939476
sys013,utt240,wav/vmc2026-track3-sys013-utt240.wav,wav/vmc2026-track3-sys019-utt239.wav,4.4,4.0,4.093299251894102,4.0131915129195255
sys021,utt186,wav/vmc2026-track3-sys021-utt186.wav,wav/vmc2026-track3-sys019-utt185.wav,3.6,3.0,3.9018790402702246,3.900738346992132
sys015,utt094,wav/vmc2026-track3-sys015-utt094.wav,wav/vmc2026-track3-sys019-utt093.wav,4.6,4.8,4.026980758816569,4.0961632256852045
sys021,utt306,wav/vmc2026-track3-sys021-utt306.wav,wav/vmc2026-track3-sys019-utt305.wav,3.0,3.2,3.9320086865753434,3.966675514568457
sys013,utt096,wav/vmc2026-track3-sys013-utt096.wav,wav/vmc2026-track3-sys019-utt095.wav,4.6,4.6,4.2911478336974085,4.16064890541135
sys020,utt060,wav/vmc2026-track3-sys020-utt060.wav,wav/vmc2026-track3-sys019-utt059.wav,3.8,3.8,2.8847380014495583,3.418372523224948
sys004,utt046,wav/vmc2026-track3-sys004-utt046.wav,wav/vmc2026-track3-sys019-utt045.wav,3.0,2.6,3.1946127952543955,3.4778139754603212
sys021,utt226,wav/vmc2026-track3-sys021-utt226.wav,wav/vmc2026-track3-sys019-utt225.wav,5.0,4.4,4.211929900379115,4.267319331888457
sys002,utt058,wav/vmc2026-track3-sys002-utt058.wav,wav/vmc2026-track3-sys019-utt057.wav,4.8,4.2,4.3529635282369155,4.34749426557023
sys026,utt058,wav/vmc2026-track3-sys026-utt058.wav,wav/vmc2026-track3-sys019-utt057.wav,3.2,3.4,3.7898163273807186,4.133186458409339
sys021,utt204,wav/vmc2026-track3-sys021-utt204.wav,wav/vmc2026-track3-sys019-utt203.wav,4.4,3.4,3.888934719749151,3.7506740323749233
sys024,utt188,wav/vmc2026-track3-sys024-utt188.wav,wav/vmc2026-track3-sys019-utt187.wav,4.2,4.4,4.111996888983079,3.9935594314342975
sys004,utt276,wav/vmc2026-track3-sys004-utt276.wav,wav/vmc2026-track3-sys019-utt275.wav,3.6,3.6,3.616179293110999,3.6497211480949936
sys021,utt036,wav/vmc2026-track3-sys021-utt036.wav,wav/vmc2026-track3-sys019-utt035.wav,3.8,2.2,3.660610137229011,3.4957930303695197
sys021,utt290,wav/vmc2026-track3-sys021-utt290.wav,wav/vmc2026-track3-sys019-utt289.wav,4.6,3.8,3.9489547400199183,3.826995001357778
sys021,utt062,wav/vmc2026-track3-sys021-utt062.wav,wav/vmc2026-track3-sys019-utt061.wav,3.2,1.8,3.8052603923065877,3.6012642115171696
sys011,utt096,wav/vmc2026-track3-sys011-utt096.wav,wav/vmc2026-track3-sys019-utt095.wav,4.4,3.6,4.4279887534561535,4.269646465206258
sys017,utt092,wav/vmc2026-track3-sys017-utt092.wav,wav/vmc2026-track3-sys019-utt091.wav,4.6,3.6,4.1001563895921205,4.1165437805375165
sys021,utt052,wav/vmc2026-track3-sys021-utt052.wav,wav/vmc2026-track3-sys019-utt051.wav,3.2,3.4,3.9651208624424665,4.014425887367346
sys021,utt162,wav/vmc2026-track3-sys021-utt162.wav,wav/vmc2026-track3-sys019-utt161.wav,4.6,4.0,3.812747891697532,3.8287397903960003
sys015,utt096,wav/vmc2026-track3-sys015-utt096.wav,wav/vmc2026-track3-sys019-utt095.wav,4.2,4.2,4.12111879649202,4.1878541973650485
sys010,utt060,wav/vmc2026-track3-sys010-utt060.wav,wav/vmc2026-track3-sys019-utt059.wav,4.4,4.6,3.770408714518427,4.0830354162222156
sys003,utt092,wav/vmc2026-track3-sys003-utt092.wav,wav/vmc2026-track3-sys019-utt091.wav,4.8,4.8,4.141749749066751,4.022426636577725
sys004,utt116,wav/vmc2026-track3-sys004-utt116.wav,wav/vmc2026-track3-sys019-utt115.wav,3.4,4.2,3.494547735783957,3.423268684607619
sys004,utt294,wav/vmc2026-track3-sys004-utt294.wav,wav/vmc2026-track3-sys019-utt293.wav,3.0,3.8,3.655159756037244,3.719514356013112
sys004,utt076,wav/vmc2026-track3-sys004-utt076.wav,wav/vmc2026-track3-sys019-utt075.wav,3.6,4.2,3.478258629163945,3.651280515772125
sys009,utt058,wav/vmc2026-track3-sys009-utt058.wav,wav/vmc2026-track3-sys019-utt057.wav,4.8,4.8,4.629296206677635,4.520634458172123
sys013,utt056,wav/vmc2026-track3-sys013-utt056.wav,wav/vmc2026-track3-sys019-utt055.wav,4.0,4.4,4.037102591762321,4.1607049029333405
sys021,utt118,wav/vmc2026-track3-sys021-utt118.wav,wav/vmc2026-track3-sys019-utt117.wav,4.6,4.6,3.8191957271837276,3.5450142295457328
sys004,utt210,wav/vmc2026-track3-sys004-utt210.wav,wav/vmc2026-track3-sys019-utt209.wav,3.8,4.0,3.1321739297488134,3.276257072704758
sys004,utt094,wav/vmc2026-track3-sys004-utt094.wav,wav/vmc2026-track3-sys019-utt093.wav,3.2,3.2,3.3570349120521685,3.5062028699042
sys002,utt240,wav/vmc2026-track3-sys002-utt240.wav,wav/vmc2026-track3-sys019-utt239.wav,4.2,4.4,4.079894075351289,3.952612287194108
sys004,utt136,wav/vmc2026-track3-sys004-utt136.wav,wav/vmc2026-track3-sys019-utt135.wav,3.4,3.6,3.2624390656421225,3.3606495104529577
sys010,utt056,wav/vmc2026-track3-sys010-utt056.wav,wav/vmc2026-track3-sys019-utt055.wav,3.2,3.6,4.18717779770228,4.304317844560047
sys004,utt104,wav/vmc2026-track3-sys004-utt104.wav,wav/vmc2026-track3-sys019-utt103.wav,3.6,4.0,3.185388189349749,3.4179504825503395
sys021,utt296,wav/vmc2026-track3-sys021-utt296.wav,wav/vmc2026-track3-sys019-utt295.wav,5.0,4.6,4.067566853320614,4.056040790725115
sys011,utt058,wav/vmc2026-track3-sys011-utt058.wav,wav/vmc2026-track3-sys019-utt057.wav,4.8,4.6,4.511769821448531,4.630120800552672
sys021,utt178,wav/vmc2026-track3-sys021-utt178.wav,wav/vmc2026-track3-sys019-utt177.wav,4.4,2.8,3.9470994463440245,3.648919455929952
sys004,utt272,wav/vmc2026-track3-sys004-utt272.wav,wav/vmc2026-track3-sys019-utt271.wav,3.4,3.4,3.929057401795309,3.9491430258283766
sys003,utt096,wav/vmc2026-track3-sys003-utt096.wav,wav/vmc2026-track3-sys019-utt095.wav,4.2,3.4,4.223197764547756,4.111590494764363
sys025,utt092,wav/vmc2026-track3-sys025-utt092.wav,wav/vmc2026-track3-sys019-utt091.wav,4.4,4.0,3.528740681917664,3.701782512778052
sys024,utt098,wav/vmc2026-track3-sys024-utt098.wav,wav/vmc2026-track3-sys019-utt097.wav,4.6,3.2,4.044726981056645,3.9836478084760616
sys003,utt098,wav/vmc2026-track3-sys003-utt098.wav,wav/vmc2026-track3-sys019-utt097.wav,4.4,4.2,4.060317222656234,3.933557361851925
sys001,utt060,wav/vmc2026-track3-sys001-utt060.wav,wav/vmc2026-track3-sys019-utt059.wav,4.4,4.6,3.9123034278392623,4.278254465789818
sys018,utt058,wav/vmc2026-track3-sys018-utt058.wav,wav/vmc2026-track3-sys019-utt057.wav,3.0,3.2,3.7006736761881167,4.054323910566665
sys026,utt092,wav/vmc2026-track3-sys026-utt092.wav,wav/vmc2026-track3-sys019-utt091.wav,3.6,4.2,3.8286170602701275,3.782240160101969
sys014,utt092,wav/vmc2026-track3-sys014-utt092.wav,wav/vmc2026-track3-sys019-utt091.wav,4.8,4.8,4.347731041190997,4.36067338101389
sys023,utt100,wav/vmc2026-track3-sys023-utt100.wav,wav/vmc2026-track3-sys019-utt099.wav,4.8,4.8,4.469561102397869,4.438703142461645
sys002,utt052,wav/vmc2026-track3-sys002-utt052.wav,wav/vmc2026-track3-sys019-utt051.wav,4.6,4.6,4.217858061850238,4.1436572594510785
sys015,utt052,wav/vmc2026-track3-sys015-utt052.wav,wav/vmc2026-track3-sys019-utt051.wav,4.4,4.6,4.131039283656764,4.321921093346086
sys012,utt060,wav/vmc2026-track3-sys012-utt060.wav,wav/vmc2026-track3-sys019-utt059.wav,4.8,4.2,4.047461867041842,4.287525621021629
sys021,utt260,wav/vmc2026-track3-sys021-utt260.wav,wav/vmc2026-track3-sys019-utt259.wav,4.0,3.6,3.7046839123884636,3.5157073358841346
sys021,utt028,wav/vmc2026-track3-sys021-utt028.wav,wav/vmc2026-track3-sys019-utt027.wav,4.0,3.8,4.0531177484329275,3.9800407691521946
sys004,utt080,wav/vmc2026-track3-sys004-utt080.wav,wav/vmc2026-track3-sys019-utt079.wav,3.4,3.4,3.2430776251390654,3.3699398420751754
sys021,utt220,wav/vmc2026-track3-sys021-utt220.wav,wav/vmc2026-track3-sys019-utt219.wav,5.0,4.6,4.090419289471203,4.046872661704404
sys020,utt056,wav/vmc2026-track3-sys020-utt056.wav,wav/vmc2026-track3-sys019-utt055.wav,4.2,4.4,3.1223499522961826,3.423057310894613
sys004,utt232,wav/vmc2026-track3-sys004-utt232.wav,wav/vmc2026-track3-sys019-utt231.wav,3.2,3.8,3.4448547527694986,3.5983440532486353
sys015,utt054,wav/vmc2026-track3-sys015-utt054.wav,wav/vmc2026-track3-sys019-utt053.wav,3.6,4.4,4.120292816906517,4.122740307926237
sys012,utt100,wav/vmc2026-track3-sys012-utt100.wav,wav/vmc2026-track3-sys019-utt099.wav,4.0,4.6,4.052359638934916,4.155761390034202
sys005,utt296,wav/vmc2026-track3-sys005-utt296.wav,wav/vmc2026-track3-sys019-utt295.wav,3.6,4.4,3.3193103437364497,3.475474323562014
sys004,utt316,wav/vmc2026-track3-sys004-utt316.wav,wav/vmc2026-track3-sys019-utt315.wav,3.2,3.8,3.247727683022769,3.426581449984109
sys021,utt056,wav/vmc2026-track3-sys021-utt056.wav,wav/vmc2026-track3-sys019-utt055.wav,3.8,3.4,4.0205821239933215,4.054263840113379
sys004,utt114,wav/vmc2026-track3-sys004-utt114.wav,wav/vmc2026-track3-sys019-utt113.wav,4.2,4.4,3.2421436679583344,3.150465226496431
sys021,utt282,wav/vmc2026-track3-sys021-utt282.wav,wav/vmc2026-track3-sys019-utt281.wav,5.0,5.0,4.0868254558723445,3.9698811396604605
sys009,utt096,wav/vmc2026-track3-sys009-utt096.wav,wav/vmc2026-track3-sys019-utt095.wav,4.8,4.4,4.426485355603851,4.140969702407512
sys021,utt256,wav/vmc2026-track3-sys021-utt256.wav,wav/vmc2026-track3-sys019-utt255.wav,4.4,3.2,3.7669219878045572,3.4341724781519
sys004,utt004,wav/vmc2026-track3-sys004-utt004.wav,wav/vmc2026-track3-sys019-utt003.wav,4.2,4.8,3.715860781725723,3.7310175054308563
sys004,utt190,wav/vmc2026-track3-sys004-utt190.wav,wav/vmc2026-track3-sys019-utt189.wav,4.0,4.6,3.6673217230404567,3.7235049113039698
sys005,utt094,wav/vmc2026-track3-sys005-utt094.wav,wav/vmc2026-track3-sys019-utt093.wav,3.0,3.0,3.1760215625249373,3.311342904211061
sys004,utt208,wav/vmc2026-track3-sys004-utt208.wav,wav/vmc2026-track3-sys019-utt207.wav,3.8,3.4,2.9860803801860634,3.2302662785384793
sys021,utt272,wav/vmc2026-track3-sys021-utt272.wav,wav/vmc2026-track3-sys019-utt271.wav,4.6,4.6,4.0610696987895,4.046418416817163
sys003,utt240,wav/vmc2026-track3-sys003-utt240.wav,wav/vmc2026-track3-sys019-utt239.wav,5.0,5.0,4.122776705133591,4.045128024536939
sys021,utt050,wav/vmc2026-track3-sys021-utt050.wav,wav/vmc2026-track3-sys019-utt049.wav,4.8,4.6,4.304387786709335,4.243758734340084
sys023,utt056,wav/vmc2026-track3-sys023-utt056.wav,wav/vmc2026-track3-sys019-utt055.wav,4.8,4.8,4.351849372007951,4.352299534858919
sys004,utt106,wav/vmc2026-track3-sys004-utt106.wav,wav/vmc2026-track3-sys019-utt105.wav,4.0,3.8,3.502950883016992,3.6361547440734308
sys021,utt024,wav/vmc2026-track3-sys021-utt024.wav,wav/vmc2026-track3-sys019-utt023.wav,4.0,3.8,3.657742707199342,3.716982089947393
sys021,utt146,wav/vmc2026-track3-sys021-utt146.wav,wav/vmc2026-track3-sys019-utt145.wav,4.8,4.6,3.7540202740334774,3.492127037840822
sys006,utt094,wav/vmc2026-track3-sys006-utt094.wav,wav/vmc2026-track3-sys019-utt093.wav,5.0,5.0,4.44340138816235,4.340371831271345
sys021,utt284,wav/vmc2026-track3-sys021-utt284.wav,wav/vmc2026-track3-sys019-utt283.wav,4.4,4.8,4.018833979662188,4.087276877334042
sys021,utt048,wav/vmc2026-track3-sys021-utt048.wav,wav/vmc2026-track3-sys019-utt047.wav,4.0,4.2,4.12987041247166,4.19425295930603
sys021,utt292,wav/vmc2026-track3-sys021-utt292.wav,wav/vmc2026-track3-sys019-utt291.wav,1.4,1.6,3.99734608155362,3.804995851903867
sys010,utt096,wav/vmc2026-track3-sys010-utt096.wav,wav/vmc2026-track3-sys019-utt095.wav,3.2,2.8,4.0887451274197595,3.9842037593795605
sys021,utt134,wav/vmc2026-track3-sys021-utt134.wav,wav/vmc2026-track3-sys019-utt133.wav,4.0,3.4,3.52052136695146,3.4314731513562724
sys017,utt052,wav/vmc2026-track3-sys017-utt052.wav,wav/vmc2026-track3-sys019-utt051.wav,4.0,3.6,4.20209280552043,4.267329605043876
sys016,utt188,wav/vmc2026-track3-sys016-utt188.wav,wav/vmc2026-track3-sys019-utt187.wav,2.6,3.4,3.746958763985494,3.8098008973218533
sys002,utt056,wav/vmc2026-track3-sys002-utt056.wav,wav/vmc2026-track3-sys019-utt055.wav,3.0,3.8,4.237284064796644,4.245214118644117
sys004,utt130,wav/vmc2026-track3-sys004-utt130.wav,wav/vmc2026-track3-sys019-utt129.wav,2.4,3.2,3.7086602266270523,3.7292655426200225
sys021,utt196,wav/vmc2026-track3-sys021-utt196.wav,wav/vmc2026-track3-sys019-utt195.wav,3.4,3.8,4.167942120588992,4.248828981756837
sys016,utt056,wav/vmc2026-track3-sys016-utt056.wav,wav/vmc2026-track3-sys019-utt055.wav,3.0,3.0,3.677025210970919,3.9790590027914066
sys023,utt060,wav/vmc2026-track3-sys023-utt060.wav,wav/vmc2026-track3-sys019-utt059.wav,4.2,3.4,4.382133120439239,4.363450041161798
sys004,utt212,wav/vmc2026-track3-sys004-utt212.wav,wav/vmc2026-track3-sys019-utt211.wav,2.8,4.0,3.446081970171119,3.4205146320740503
sys021,utt176,wav/vmc2026-track3-sys021-utt176.wav,wav/vmc2026-track3-sys019-utt175.wav,3.4,2.6,3.512779174478776,3.3051230786703156
sys021,utt252,wav/vmc2026-track3-sys021-utt252.wav,wav/vmc2026-track3-sys019-utt251.wav,3.0,3.0,3.696326296812205,3.5852944931698474
sys021,utt276,wav/vmc2026-track3-sys021-utt276.wav,wav/vmc2026-track3-sys019-utt275.wav,3.2,3.6,4.009958021264379,3.743272137310172
sys004,utt096,wav/vmc2026-track3-sys004-utt096.wav,wav/vmc2026-track3-sys019-utt095.wav,3.6,3.8,3.4660296366551444,3.5774096396077533
sys014,utt096,wav/vmc2026-track3-sys014-utt096.wav,wav/vmc2026-track3-sys019-utt095.wav,4.6,4.4,4.465913302301187,4.390888072810573
sys007,utt056,wav/vmc2026-track3-sys007-utt056.wav,wav/vmc2026-track3-sys019-utt055.wav,3.8,4.0,3.8505074678011826,4.042579764792245
sys023,utt092,wav/vmc2026-track3-sys023-utt092.wav,wav/vmc2026-track3-sys019-utt091.wav,4.4,3.8,4.226449125247921,4.092614321231479
sys021,utt142,wav/vmc2026-track3-sys021-utt142.wav,wav/vmc2026-track3-sys019-utt141.wav,4.0,3.8,3.733209030609922,3.5919524308941546
sys021,utt288,wav/vmc2026-track3-sys021-utt288.wav,wav/vmc2026-track3-sys019-utt287.wav,4.6,4.6,4.1726785216570885,3.845210055902354
sys020,utt240,wav/vmc2026-track3-sys020-utt240.wav,wav/vmc2026-track3-sys019-utt239.wav,2.0,2.8,2.8343216677356375,3.095744732853854
sys013,utt052,wav/vmc2026-track3-sys013-utt052.wav,wav/vmc2026-track3-sys019-utt051.wav,3.8,4.2,4.007890088693954,4.085249420594271
sys003,utt060,wav/vmc2026-track3-sys003-utt060.wav,wav/vmc2026-track3-sys019-utt059.wav,4.8,4.6,4.230208704957162,4.387281582623636
sys004,utt024,wav/vmc2026-track3-sys004-utt024.wav,wav/vmc2026-track3-sys019-utt023.wav,3.4,3.8,3.5731087958769314,3.4866743180385105
sys004,utt144,wav/vmc2026-track3-sys004-utt144.wav,wav/vmc2026-track3-sys019-utt143.wav,3.6,3.4,3.1019852543205024,3.2917525446424083
sys004,utt010,wav/vmc2026-track3-sys004-utt010.wav,wav/vmc2026-track3-sys019-utt009.wav,3.8,3.6,3.7019051380002312,3.806671455013451
sys009,utt240,wav/vmc2026-track3-sys009-utt240.wav,wav/vmc2026-track3-sys019-utt239.wav,4.6,4.6,4.1784305942438635,4.02363079586828
sys021,utt014,wav/vmc2026-track3-sys021-utt014.wav,wav/vmc2026-track3-sys019-utt013.wav,3.4,3.2,4.319517552387657,4.1065185309461105
sys013,utt060,wav/vmc2026-track3-sys013-utt060.wav,wav/vmc2026-track3-sys019-utt059.wav,3.8,4.2,3.9626508555018796,4.251631782529102
sys025,utt096,wav/vmc2026-track3-sys025-utt096.wav,wav/vmc2026-track3-sys019-utt095.wav,3.0,2.6,3.615563136094873,3.761117184724281
sys020,utt096,wav/vmc2026-track3-sys020-utt096.wav,wav/vmc2026-track3-sys019-utt095.wav,2.4,3.6,2.8837844646958395,3.06282084168747
sys016,utt058,wav/vmc2026-track3-sys016-utt058.wav,wav/vmc2026-track3-sys019-utt057.wav,2.6,3.8,3.7082858424037144,4.070114881307565
sys021,utt182,wav/vmc2026-track3-sys021-utt182.wav,wav/vmc2026-track3-sys019-utt181.wav,3.2,3.2,3.7105304983266896,3.9561183942515323
sys011,utt052,wav/vmc2026-track3-sys011-utt052.wav,wav/vmc2026-track3-sys019-utt051.wav,4.6,4.8,4.325598707491852,4.308991886234388
sys021,utt208,wav/vmc2026-track3-sys021-utt208.wav,wav/vmc2026-track3-sys019-utt207.wav,2.8,3.4,3.8615402933403558,3.875262028723105
sys004,utt280,wav/vmc2026-track3-sys004-utt280.wav,wav/vmc2026-track3-sys019-utt279.wav,3.4,3.6,3.6622645579207345,3.818750935017229
sys009,utt094,wav/vmc2026-track3-sys009-utt094.wav,wav/vmc2026-track3-sys019-utt093.wav,4.4,3.6,4.393716862585464,4.057876202503084
sys004,utt250,wav/vmc2026-track3-sys004-utt250.wav,wav/vmc2026-track3-sys019-utt249.wav,4.2,3.8,3.697198889419422,3.8543291732117075
sys021,utt026,wav/vmc2026-track3-sys021-utt026.wav,wav/vmc2026-track3-sys019-utt025.wav,2.6,3.0,3.528442655169021,3.520198023286405
sys022,utt096,wav/vmc2026-track3-sys022-utt096.wav,wav/vmc2026-track3-sys019-utt095.wav,4.6,4.2,3.8381798373640548,3.7125920854132555
sys010,utt092,wav/vmc2026-track3-sys010-utt092.wav,wav/vmc2026-track3-sys019-utt091.wav,4.2,4.2,3.6888223280496524,3.5013570170524053
sys003,utt054,wav/vmc2026-track3-sys003-utt054.wav,wav/vmc2026-track3-sys019-utt053.wav,4.8,4.8,4.270834023844169,4.23503406258306
sys012,utt092,wav/vmc2026-track3-sys012-utt092.wav,wav/vmc2026-track3-sys019-utt091.wav,4.8,4.2,3.8480866745509785,3.9660266158323245
sys007,utt058,wav/vmc2026-track3-sys007-utt058.wav,wav/vmc2026-track3-sys019-utt057.wav,3.2,4.4,3.7213772899553774,3.829476824442107
sys011,utt134,wav/vmc2026-track3-sys011-utt134.wav,wav/vmc2026-track3-sys019-utt133.wav,5.0,4.6,4.3000460362297925,4.202245643431002
sys007,utt188,wav/vmc2026-track3-sys007-utt188.wav,wav/vmc2026-track3-sys019-utt187.wav,4.6,5.0,3.8110680795295457,3.7668513727281683
sys006,utt054,wav/vmc2026-track3-sys006-utt054.wav,wav/vmc2026-track3-sys019-utt053.wav,4.8,5.0,4.417899255604808,4.374411601555691
sys022,utt058,wav/vmc2026-track3-sys022-utt058.wav,wav/vmc2026-track3-sys019-utt057.wav,3.4,3.8,3.9332435349554618,3.9491836122105766
sys016,utt100,wav/vmc2026-track3-sys016-utt100.wav,wav/vmc2026-track3-sys019-utt099.wav,3.2,4.2,3.718451027890952,3.979172092272101
sys017,utt240,wav/vmc2026-track3-sys017-utt240.wav,wav/vmc2026-track3-sys019-utt239.wav,4.4,3.8,3.9600792600967347,3.923016359805463
sys004,utt236,wav/vmc2026-track3-sys004-utt236.wav,wav/vmc2026-track3-sys019-utt235.wav,3.0,3.2,3.2586016282074772,3.271676431972342
sys015,utt058,wav/vmc2026-track3-sys015-utt058.wav,wav/vmc2026-track3-sys019-utt057.wav,4.4,4.6,4.100829297423535,4.374702754773491
sys021,utt034,wav/vmc2026-track3-sys021-utt034.wav,wav/vmc2026-track3-sys019-utt033.wav,4.0,3.4,3.8640977615172463,3.5652935420538663
sys016,utt096,wav/vmc2026-track3-sys016-utt096.wav,wav/vmc2026-track3-sys019-utt095.wav,3.6,4.4,3.3798604202370663,3.5413745824541385
sys010,utt054,wav/vmc2026-track3-sys010-utt054.wav,wav/vmc2026-track3-sys019-utt053.wav,4.2,3.8,4.084157991472342,4.018734143216171
sys020,utt058,wav/vmc2026-track3-sys020-utt058.wav,wav/vmc2026-track3-sys019-utt057.wav,3.4,3.6,3.173439988773161,3.5466327362739722
sys004,utt168,wav/vmc2026-track3-sys004-utt168.wav,wav/vmc2026-track3-sys019-utt167.wav,3.4,3.2,3.490838892158763,3.5594285325027504
sys021,utt070,wav/vmc2026-track3-sys021-utt070.wav,wav/vmc2026-track3-sys019-utt069.wav,2.6,2.6,3.97759546291206,3.728677867978
sys010,utt240,wav/vmc2026-track3-sys010-utt240.wav,wav/vmc2026-track3-sys019-utt239.wav,2.2,1.8,2.260189200310483,2.261634427682205
sys015,utt092,wav/vmc2026-track3-sys015-utt092.wav,wav/vmc2026-track3-sys019-utt091.wav,4.4,4.6,4.028959212898861,4.119097422316505
sys008,utt240,wav/vmc2026-track3-sys008-utt240.wav,wav/vmc2026-track3-sys019-utt239.wav,4.8,4.2,4.265999767473031,4.072735542012976
sys020,utt188,wav/vmc2026-track3-sys020-utt188.wav,wav/vmc2026-track3-sys019-utt187.wav,3.0,3.0,3.0728909505400734,3.2283973007956503
sys004,utt108,wav/vmc2026-track3-sys004-utt108.wav,wav/vmc2026-track3-sys019-utt107.wav,2.8,3.0,3.0877887893641374,3.536141459267659
sys010,utt094,wav/vmc2026-track3-sys010-utt094.wav,wav/vmc2026-track3-sys019-utt093.wav,4.6,4.0,4.015415672191277,4.037417715596423
sys002,utt054,wav/vmc2026-track3-sys002-utt054.wav,wav/vmc2026-track3-sys019-utt053.wav,4.0,3.8,4.188656907324155,4.113892145189092
sys007,utt094,wav/vmc2026-track3-sys007-utt094.wav,wav/vmc2026-track3-sys019-utt093.wav,3.6,3.4,3.8206264440249886,3.633668984523941
sys004,utt174,wav/vmc2026-track3-sys004-utt174.wav,wav/vmc2026-track3-sys019-utt173.wav,3.0,3.0,3.2836034198110684,3.1080517490555852
sys022,utt086,wav/vmc2026-track3-sys022-utt086.wav,wav/vmc2026-track3-sys019-utt085.wav,3.6,3.8,3.551930010652023,3.2802130148025785
sys021,utt228,wav/vmc2026-track3-sys021-utt228.wav,wav/vmc2026-track3-sys019-utt227.wav,4.4,4.6,4.042966101419448,4.125391629415
sys004,utt282,wav/vmc2026-track3-sys004-utt282.wav,wav/vmc2026-track3-sys019-utt281.wav,3.4,3.2,3.668873830560927,3.693945215041002
sys023,utt240,wav/vmc2026-track3-sys023-utt240.wav,wav/vmc2026-track3-sys019-utt239.wav,5.0,4.6,4.13189727050431,4.152784514407995
sys004,utt086,wav/vmc2026-track3-sys004-utt086.wav,wav/vmc2026-track3-sys019-utt085.wav,4.2,4.2,3.571311453711184,3.5844834867479927
sys016,utt092,wav/vmc2026-track3-sys016-utt092.wav,wav/vmc2026-track3-sys019-utt091.wav,3.6,3.8,3.4872452490223886,3.4959552321047696
sys011,utt098,wav/vmc2026-track3-sys011-utt098.wav,wav/vmc2026-track3-sys019-utt097.wav,4.8,4.6,4.557720089758417,4.396742096134419
sys004,utt162,wav/vmc2026-track3-sys004-utt162.wav,wav/vmc2026-track3-sys019-utt161.wav,4.2,3.8,3.81327184294752,3.904230503063839
sys004,utt092,wav/vmc2026-track3-sys004-utt092.wav,wav/vmc2026-track3-sys019-utt091.wav,3.6,3.6,3.2656009704414397,3.3916227054967685
sys021,utt308,wav/vmc2026-track3-sys021-utt308.wav,wav/vmc2026-track3-sys019-utt307.wav,3.8,4.4,3.9143855473970364,4.004131643584858
sys021,utt044,wav/vmc2026-track3-sys021-utt044.wav,wav/vmc2026-track3-sys019-utt043.wav,2.2,3.8,3.875701481864846,4.064189365598385
sys006,utt188,wav/vmc2026-track3-sys006-utt188.wav,wav/vmc2026-track3-sys019-utt187.wav,4.0,4.6,4.300931427630831,4.238011983899983
sys004,utt286,wav/vmc2026-track3-sys004-utt286.wav,wav/vmc2026-track3-sys019-utt285.wav,3.0,3.0,3.294216105423896,3.3281310539796984
sys021,utt222,wav/vmc2026-track3-sys021-utt222.wav,wav/vmc2026-track3-sys019-utt221.wav,3.6,3.6,3.814604686556199,4.028650994049581
sys007,utt240,wav/vmc2026-track3-sys007-utt240.wav,wav/vmc2026-track3-sys019-utt239.wav,3.8,3.6,3.601978115137552,3.6846564203531478
sys001,utt092,wav/vmc2026-track3-sys001-utt092.wav,wav/vmc2026-track3-sys019-utt091.wav,4.2,4.4,3.8973415511245957,3.935752929595033
sys016,utt094,wav/vmc2026-track3-sys016-utt094.wav,wav/vmc2026-track3-sys019-utt093.wav,4.6,4.6,3.808803845596534,3.895630395675306
sys007,utt052,wav/vmc2026-track3-sys007-utt052.wav,wav/vmc2026-track3-sys019-utt051.wav,3.2,3.2,3.650662582454767,3.7159506239326765
sys004,utt234,wav/vmc2026-track3-sys004-utt234.wav,wav/vmc2026-track3-sys019-utt233.wav,2.6,3.0,3.341673915157436,3.3472322702774053
sys021,utt098,wav/vmc2026-track3-sys021-utt098.wav,wav/vmc2026-track3-sys019-utt097.wav,3.4,3.0,4.014488750971775,3.788475483069739
sys025,utt060,wav/vmc2026-track3-sys025-utt060.wav,wav/vmc2026-track3-sys019-utt059.wav,4.0,4.0,3.5825689265594347,3.9335904649339994
sys021,utt040,wav/vmc2026-track3-sys021-utt040.wav,wav/vmc2026-track3-sys019-utt039.wav,3.6,3.2,4.058895406934358,3.749612652779109
sys021,utt148,wav/vmc2026-track3-sys021-utt148.wav,wav/vmc2026-track3-sys019-utt147.wav,3.6,3.4,3.7370606973211338,3.6339308525722753
sys021,utt270,wav/vmc2026-track3-sys021-utt270.wav,wav/vmc2026-track3-sys019-utt269.wav,4.4,4.4,3.98776386815885,4.052702561669071
sys021,utt096,wav/vmc2026-track3-sys021-utt096.wav,wav/vmc2026-track3-sys019-utt095.wav,4.2,3.8,3.9211262831360925,3.647151267661908
sys024,utt100,wav/vmc2026-track3-sys024-utt100.wav,wav/vmc2026-track3-sys019-utt099.wav,4.8,5.0,4.204743899124868,4.2605368129547845
sys013,utt100,wav/vmc2026-track3-sys013-utt100.wav,wav/vmc2026-track3-sys019-utt099.wav,3.6,3.6,4.14933766384145,4.160193519065377
sys012,utt054,wav/vmc2026-track3-sys012-utt054.wav,wav/vmc2026-track3-sys019-utt053.wav,4.6,4.6,4.006980579613272,4.135121103917127
sys022,utt098,wav/vmc2026-track3-sys022-utt098.wav,wav/vmc2026-track3-sys019-utt097.wav,3.6,3.4,3.9057038522338976,3.729182679468874
sys010,utt058,wav/vmc2026-track3-sys010-utt058.wav,wav/vmc2026-track3-sys019-utt057.wav,4.2,4.2,3.9865167736108686,4.216276933812331
sys005,utt188,wav/vmc2026-track3-sys005-utt188.wav,wav/vmc2026-track3-sys019-utt187.wav,2.8,2.8,3.3141300587085105,3.404089884686678
sys004,utt038,wav/vmc2026-track3-sys004-utt038.wav,wav/vmc2026-track3-sys019-utt037.wav,3.2,3.6,3.48741273755775,3.5162450725904595
sys004,utt156,wav/vmc2026-track3-sys004-utt156.wav,wav/vmc2026-track3-sys019-utt155.wav,4.0,4.2,3.7158482344515322,3.8083845397838374
sys010,utt052,wav/vmc2026-track3-sys010-utt052.wav,wav/vmc2026-track3-sys019-utt051.wav,4.8,4.8,4.066976847587698,4.147560274496478
sys004,utt138,wav/vmc2026-track3-sys004-utt138.wav,wav/vmc2026-track3-sys019-utt137.wav,3.0,3.2,3.0331222995207288,3.2910434169618354
sys004,utt036,wav/vmc2026-track3-sys004-utt036.wav,wav/vmc2026-track3-sys019-utt035.wav,3.6,4.0,3.530930311539178,3.3318587531726602
sys021,utt038,wav/vmc2026-track3-sys021-utt038.wav,wav/vmc2026-track3-sys019-utt037.wav,3.0,3.0,3.784482440351626,3.5868006660327785
sys004,utt056,wav/vmc2026-track3-sys004-utt056.wav,wav/vmc2026-track3-sys019-utt055.wav,3.2,3.4,3.626948100906004,3.7419140308473433
sys021,utt318,wav/vmc2026-track3-sys021-utt318.wav,wav/vmc2026-track3-sys019-utt317.wav,4.2,3.8,3.9412133018207633,3.9797159500106933
sys006,utt058,wav/vmc2026-track3-sys006-utt058.wav,wav/vmc2026-track3-sys019-utt057.wav,4.8,4.8,4.680989882579563,4.7042351085937
sys006,utt096,wav/vmc2026-track3-sys006-utt096.wav,wav/vmc2026-track3-sys019-utt095.wav,3.8,3.2,4.4484350368923256,4.375203414220875
sys021,utt160,wav/vmc2026-track3-sys021-utt160.wav,wav/vmc2026-track3-sys019-utt159.wav,4.8,4.8,4.257998337368127,4.1492814111301275
sys004,utt182,wav/vmc2026-track3-sys004-utt182.wav,wav/vmc2026-track3-sys019-utt181.wav,3.4,3.8,3.4184256762407155,3.5914487803144595
sys014,utt188,wav/vmc2026-track3-sys014-utt188.wav,wav/vmc2026-track3-sys019-utt187.wav,3.8,3.6,4.383706279972392,4.278856807049262
sys026,utt100,wav/vmc2026-track3-sys026-utt100.wav,wav/vmc2026-track3-sys019-utt099.wav,3.8,3.4,3.9752832994551275,3.948939415007122
sys012,utt056,wav/vmc2026-track3-sys012-utt056.wav,wav/vmc2026-track3-sys019-utt055.wav,4.2,4.0,3.979165277926332,4.199220140879657
sys011,utt094,wav/vmc2026-track3-sys011-utt094.wav,wav/vmc2026-track3-sys019-utt093.wav,4.6,4.6,4.410222067510968,4.367361292912908
sys013,utt058,wav/vmc2026-track3-sys013-utt058.wav,wav/vmc2026-track3-sys019-utt057.wav,4.4,4.4,4.31331560409793,4.467887641881832
sys021,utt042,wav/vmc2026-track3-sys021-utt042.wav,wav/vmc2026-track3-sys019-utt041.wav,3.0,2.4,4.03980477601135,3.8733774717664646
sys020,utt054,wav/vmc2026-track3-sys020-utt054.wav,wav/vmc2026-track3-sys019-utt053.wav,3.0,3.0,3.137281465832364,3.404359348510777
sys021,utt114,wav/vmc2026-track3-sys021-utt114.wav,wav/vmc2026-track3-sys019-utt113.wav,3.2,2.6,3.4159708220758676,3.085075861134625
sys015,utt098,wav/vmc2026-track3-sys015-utt098.wav,wav/vmc2026-track3-sys019-utt097.wav,4.4,4.4,4.153610407294774,4.231578297969991
sys021,utt054,wav/vmc2026-track3-sys021-utt054.wav,wav/vmc2026-track3-sys019-utt053.wav,3.8,3.8,3.849692906968032,3.8664272503728343
sys021,utt072,wav/vmc2026-track3-sys021-utt072.wav,wav/vmc2026-track3-sys019-utt071.wav,4.4,3.8,4.081918423118095,3.7984318031833286
sys003,utt052,wav/vmc2026-track3-sys003-utt052.wav,wav/vmc2026-track3-sys019-utt051.wav,4.4,4.4,4.3404780858507035,4.32954079083673
sys021,utt174,wav/vmc2026-track3-sys021-utt174.wav,wav/vmc2026-track3-sys019-utt173.wav,3.0,2.0,3.8433711219925515,3.4162964597054724
sys021,utt320,wav/vmc2026-track3-sys021-utt320.wav,wav/vmc2026-track3-sys019-utt319.wav,3.2,4.0,3.6072639358694056,3.6401209287089604
sys026,utt060,wav/vmc2026-track3-sys026-utt060.wav,wav/vmc2026-track3-sys019-utt059.wav,3.6,4.2,3.842601083025176,4.085437877307191
sys004,utt196,wav/vmc2026-track3-sys004-utt196.wav,wav/vmc2026-track3-sys019-utt195.wav,2.8,3.8,3.4744385235289847,3.6027816150103567
sys024,utt092,wav/vmc2026-track3-sys024-utt092.wav,wav/vmc2026-track3-sys019-utt091.wav,3.4,3.0,4.03780277892953,4.076596341344953
sys004,utt202,wav/vmc2026-track3-sys004-utt202.wav,wav/vmc2026-track3-sys019-utt201.wav,3.2,2.6,3.235066613624603,3.260209993618107
sys004,utt320,wav/vmc2026-track3-sys004-utt320.wav,wav/vmc2026-track3-sys019-utt319.wav,2.4,2.6,3.4892933790184704,3.750761538949188
sys003,utt058,wav/vmc2026-track3-sys003-utt058.wav,wav/vmc2026-track3-sys019-utt057.wav,4.0,3.8,4.332831151059302,4.3980223717845135
sys004,utt226,wav/vmc2026-track3-sys004-utt226.wav,wav/vmc2026-track3-sys019-utt225.wav,3.0,3.4,3.3960294398776156,3.6860718742064056
sys007,utt096,wav/vmc2026-track3-sys007-utt096.wav,wav/vmc2026-track3-sys019-utt095.wav,2.0,1.8,3.591999866492336,3.507984266866945
sys021,utt310,wav/vmc2026-track3-sys021-utt310.wav,wav/vmc2026-track3-sys019-utt309.wav,3.8,4.0,3.9690728218261633,3.9769450970285503
sys015,utt056,wav/vmc2026-track3-sys015-utt056.wav,wav/vmc2026-track3-sys019-utt055.wav,3.0,3.2,3.9724902583319768,4.121906984865495
sys021,utt294,wav/vmc2026-track3-sys021-utt294.wav,wav/vmc2026-track3-sys019-utt293.wav,3.2,3.6,4.0354704335226765,3.9018054531760673
sys004,utt292,wav/vmc2026-track3-sys004-utt292.wav,wav/vmc2026-track3-sys019-utt291.wav,2.6,3.2,3.630423561151521,3.7876877184005364
sys017,utt098,wav/vmc2026-track3-sys017-utt098.wav,wav/vmc2026-track3-sys019-utt097.wav,3.2,2.8,4.0885393619704065,4.123798813858462
sys005,utt060,wav/vmc2026-track3-sys005-utt060.wav,wav/vmc2026-track3-sys019-utt059.wav,2.8,3.2,3.4215123067743196,3.7162492070061885
sys021,utt046,wav/vmc2026-track3-sys021-utt046.wav,wav/vmc2026-track3-sys019-utt045.wav,3.2,3.4,3.8805997172916986,4.129651009800147
sys004,utt148,wav/vmc2026-track3-sys004-utt148.wav,wav/vmc2026-track3-sys019-utt147.wav,3.0,2.4,3.4217895101667253,3.4379680079094728
sys024,utt054,wav/vmc2026-track3-sys024-utt054.wav,wav/vmc2026-track3-sys019-utt053.wav,4.4,4.4,4.1879153184312665,4.215953283733424
sys023,utt098,wav/vmc2026-track3-sys023-utt098.wav,wav/vmc2026-track3-sys019-utt097.wav,4.8,4.8,4.349941806185037,4.125732794638164
sys016,utt060,wav/vmc2026-track3-sys016-utt060.wav,wav/vmc2026-track3-sys019-utt059.wav,3.0,3.4,3.566750532700472,3.8589450549838435
sys004,utt304,wav/vmc2026-track3-sys004-utt304.wav,wav/vmc2026-track3-sys019-utt303.wav,3.6,4.0,3.404800298863069,3.598344586588955
sys004,utt288,wav/vmc2026-track3-sys004-utt288.wav,wav/vmc2026-track3-sys019-utt287.wav,3.8,3.0,3.5005747766662525,3.4284815102908035
sys002,utt096,wav/vmc2026-track3-sys002-utt096.wav,wav/vmc2026-track3-sys019-utt095.wav,4.8,3.6,4.172488132532129,4.051225956948837
sys010,utt100,wav/vmc2026-track3-sys010-utt100.wav,wav/vmc2026-track3-sys019-utt099.wav,4.6,3.4,4.30491006974743,4.168997031290304
sys004,utt026,wav/vmc2026-track3-sys004-utt026.wav,wav/vmc2026-track3-sys019-utt025.wav,3.0,2.4,3.574148402556596,3.6843062950605394
sys004,utt302,wav/vmc2026-track3-sys004-utt302.wav,wav/vmc2026-track3-sys019-utt301.wav,3.4,3.6,3.430099667863149,3.6220107495422713
sys004,utt248,wav/vmc2026-track3-sys004-utt248.wav,wav/vmc2026-track3-sys019-utt247.wav,3.2,4.2,3.7074901258392425,3.7831292227962683
sys004,utt290,wav/vmc2026-track3-sys004-utt290.wav,wav/vmc2026-track3-sys019-utt289.wav,3.0,2.8,3.4845219105586973,3.4290465522410787
sys021,utt242,wav/vmc2026-track3-sys021-utt242.wav,wav/vmc2026-track3-sys019-utt241.wav,3.4,2.6,4.136139861191613,3.785752962295474
sys004,utt278,wav/vmc2026-track3-sys004-utt278.wav,wav/vmc2026-track3-sys019-utt277.wav,3.6,3.8,3.6314367844367808,3.5869071487201
sys009,utt054,wav/vmc2026-track3-sys009-utt054.wav,wav/vmc2026-track3-sys019-utt053.wav,5.0,5.0,4.530950329873949,4.360459403329422
sys024,utt094,wav/vmc2026-track3-sys024-utt094.wav,wav/vmc2026-track3-sys019-utt093.wav,4.8,4.8,4.0761451522054815,4.083486000621901
sys012,utt240,wav/vmc2026-track3-sys012-utt240.wav,wav/vmc2026-track3-sys019-utt239.wav,4.0,3.8,3.91162802774387,3.8338288971454526
sys021,utt198,wav/vmc2026-track3-sys021-utt198.wav,wav/vmc2026-track3-sys019-utt197.wav,4.4,5.0,4.232683239330893,4.2946640952387245
sys002,utt060,wav/vmc2026-track3-sys002-utt060.wav,wav/vmc2026-track3-sys019-utt059.wav,5.0,4.8,4.188559244633737,4.240430550594991
sys021,utt188,wav/vmc2026-track3-sys021-utt188.wav,wav/vmc2026-track3-sys019-utt187.wav,4.0,3.4,3.867194229989056,3.6629395955099717
sys018,utt054,wav/vmc2026-track3-sys018-utt054.wav,wav/vmc2026-track3-sys019-utt053.wav,1.6,1.6,2.0258088071833087,2.4913922644879154
sys026,utt098,wav/vmc2026-track3-sys026-utt098.wav,wav/vmc2026-track3-sys019-utt097.wav,4.6,4.4,3.812019559655024,3.782272629830842
sys021,utt088,wav/vmc2026-track3-sys021-utt088.wav,wav/vmc2026-track3-sys019-utt087.wav,2.2,2.6,3.5729924375784754,3.342614334348455
sys021,utt224,wav/vmc2026-track3-sys021-utt224.wav,wav/vmc2026-track3-sys019-utt223.wav,4.6,4.4,4.0141285967403695,4.032102329272838
sys023,utt096,wav/vmc2026-track3-sys023-utt096.wav,wav/vmc2026-track3-sys019-utt095.wav,4.0,4.0,4.230474265819483,4.0350421731213055
sys004,utt224,wav/vmc2026-track3-sys004-utt224.wav,wav/vmc2026-track3-sys019-utt223.wav,2.8,3.4,3.1768913982459104,3.5835236366376937
sys021,utt236,wav/vmc2026-track3-sys021-utt236.wav,wav/vmc2026-track3-sys019-utt235.wav,3.2,3.2,3.9917971804137578,3.6834051620194432
sys011,utt054,wav/vmc2026-track3-sys011-utt054.wav,wav/vmc2026-track3-sys019-utt053.wav,4.4,4.4,4.400469543324422,4.406789507773504
sys004,utt312,wav/vmc2026-track3-sys004-utt312.wav,wav/vmc2026-track3-sys019-utt311.wav,3.4,3.8,3.6342805633051993,3.690764980340095
sys025,utt058,wav/vmc2026-track3-sys025-utt058.wav,wav/vmc2026-track3-sys019-utt057.wav,3.6,3.4,3.9013276813939997,4.105022517331752
sys006,utt098,wav/vmc2026-track3-sys006-utt098.wav,wav/vmc2026-track3-sys019-utt097.wav,4.4,4.4,4.5634318475667985,4.470167989119374
sys004,utt260,wav/vmc2026-track3-sys004-utt260.wav,wav/vmc2026-track3-sys019-utt259.wav,2.8,3.6,3.30862811336101,3.282634643437609
sys002,utt100,wav/vmc2026-track3-sys002-utt100.wav,wav/vmc2026-track3-sys019-utt099.wav,4.8,4.2,4.303200623504519,4.155813591268075
sys004,utt052,wav/vmc2026-track3-sys004-utt052.wav,wav/vmc2026-track3-sys019-utt051.wav,3.4,3.4,3.5382148925165247,3.735052102585435
sys025,utt240,wav/vmc2026-track3-sys025-utt240.wav,wav/vmc2026-track3-sys019-utt239.wav,4.6,4.4,3.8486888966191968,3.944186578024439
sys012,utt094,wav/vmc2026-track3-sys012-utt094.wav,wav/vmc2026-track3-sys019-utt093.wav,4.2,4.4,3.8166146285768034,3.9748591199889205
sys021,utt168,wav/vmc2026-track3-sys021-utt168.wav,wav/vmc2026-track3-sys019-utt167.wav,2.6,2.6,3.9973520152047612,3.9686736518392345
sys008,utt188,wav/vmc2026-track3-sys008-utt188.wav,wav/vmc2026-track3-sys019-utt187.wav,4.8,4.6,4.403446533363863,4.381805899212097
sys004,utt194,wav/vmc2026-track3-sys004-utt194.wav,wav/vmc2026-track3-sys019-utt193.wav,2.25,2.5,3.0345680478596013,3.436699611422314
sys021,utt286,wav/vmc2026-track3-sys021-utt286.wav,wav/vmc2026-track3-sys019-utt285.wav,2.2,3.2,4.03458692095426,3.8019717922829757
sys024,utt052,wav/vmc2026-track3-sys024-utt052.wav,wav/vmc2026-track3-sys019-utt051.wav,4.8,4.6,4.333922900699921,4.413269039389063
sys002,utt094,wav/vmc2026-track3-sys002-utt094.wav,wav/vmc2026-track3-sys019-utt093.wav,3.2,2.8,4.171430701482471,4.06541035563852
sys004,utt048,wav/vmc2026-track3-sys004-utt048.wav,wav/vmc2026-track3-sys019-utt047.wav,3.0,3.25,3.664414170425336,3.8899802873559404
sys021,utt102,wav/vmc2026-track3-sys021-utt102.wav,wav/vmc2026-track3-sys019-utt101.wav,3.4,3.8,3.8571489715077,3.913219032649079
sys021,utt202,wav/vmc2026-track3-sys021-utt202.wav,wav/vmc2026-track3-sys019-utt201.wav,3.4,3.2,3.9660988548709746,3.851654496222279
sys018,utt240,wav/vmc2026-track3-sys018-utt240.wav,wav/vmc2026-track3-sys019-utt239.wav,3.2,3.2,3.5008255381590896,3.5313993535216373
sys026,utt052,wav/vmc2026-track3-sys026-utt052.wav,wav/vmc2026-track3-sys019-utt051.wav,2.4,3.0,3.728128595137696,3.943401459255695
sys017,utt058,wav/vmc2026-track3-sys017-utt058.wav,wav/vmc2026-track3-sys019-utt057.wav,3.0,3.6,4.366841289349212,4.516887331641748
sys021,utt020,wav/vmc2026-track3-sys021-utt020.wav,wav/vmc2026-track3-sys019-utt019.wav,3.4,4.0,4.008711550829716,3.957197920521023
sys004,utt314,wav/vmc2026-track3-sys004-utt314.wav,wav/vmc2026-track3-sys019-utt313.wav,2.6,2.8,3.267110844347842,3.465990308105708
sys023,utt054,wav/vmc2026-track3-sys023-utt054.wav,wav/vmc2026-track3-sys019-utt053.wav,4.4,3.8,4.39775700043814,4.265386827770703
sys009,utt188,wav/vmc2026-track3-sys009-utt188.wav,wav/vmc2026-track3-sys019-utt187.wav,4.6,4.6,4.15646277187943,4.095767730485149
sys021,utt312,wav/vmc2026-track3-sys021-utt312.wav,wav/vmc2026-track3-sys019-utt311.wav,3.2,2.8,3.978910225637732,3.899653804403883
sys004,utt166,wav/vmc2026-track3-sys004-utt166.wav,wav/vmc2026-track3-sys019-utt165.wav,2.25,3.0,3.896199768990256,3.861954718409027
sys021,utt110,wav/vmc2026-track3-sys021-utt110.wav,wav/vmc2026-track3-sys019-utt109.wav,2.4,2.8,4.0006737279433935,4.0446710892283875
sys004,utt206,wav/vmc2026-track3-sys004-utt206.wav,wav/vmc2026-track3-sys019-utt205.wav,2.75,2.75,3.2440668182895354,3.3955698101678276
sys004,utt198,wav/vmc2026-track3-sys004-utt198.wav,wav/vmc2026-track3-sys019-utt197.wav,2.75,3.0,3.154695576934356,3.428634607604734
sys004,utt066,wav/vmc2026-track3-sys004-utt066.wav,wav/vmc2026-track3-sys019-utt065.wav,3.5,3.75,3.589200288756054,3.614407588570376
sys021,utt212,wav/vmc2026-track3-sys021-utt212.wav,wav/vmc2026-track3-sys019-utt211.wav,4.0,4.2,3.985629619334695,4.013498299916556
sys021,utt216,wav/vmc2026-track3-sys021-utt216.wav,wav/vmc2026-track3-sys019-utt215.wav,4.6,4.8,4.163739725664276,4.1422913506777705
sys021,utt116,wav/vmc2026-track3-sys021-utt116.wav,wav/vmc2026-track3-sys019-utt115.wav,2.4,2.4,3.613871839560617,3.4787240514925126
sys021,utt144,wav/vmc2026-track3-sys021-utt144.wav,wav/vmc2026-track3-sys019-utt143.wav,3.2,3.2,3.249847909133131,3.421141451912935
sys004,utt088,wav/vmc2026-track3-sys004-utt088.wav,wav/vmc2026-track3-sys019-utt087.wav,2.75,3.0,3.4573572924433122,3.614000879305008
sys021,utt086,wav/vmc2026-track3-sys021-utt086.wav,wav/vmc2026-track3-sys019-utt085.wav,2.8,2.6,3.609669265343134,3.5726663021480474
sys021,utt060,wav/vmc2026-track3-sys021-utt060.wav,wav/vmc2026-track3-sys019-utt059.wav,3.8,4.0,3.833285764981546,4.015244228946168
sys006,utt100,wav/vmc2026-track3-sys006-utt100.wav,wav/vmc2026-track3-sys019-utt099.wav,5.0,5.0,4.5116623979260035,4.448154706154467
sys001,utt188,wav/vmc2026-track3-sys001-utt188.wav,wav/vmc2026-track3-sys019-utt187.wav,4.0,4.0,4.277010086138716,4.294310454325359
sys009,utt100,wav/vmc2026-track3-sys009-utt100.wav,wav/vmc2026-track3-sys019-utt099.wav,3.0,2.6,4.477633851180868,4.2353917636087814
sys014,utt054,wav/vmc2026-track3-sys014-utt054.wav,wav/vmc2026-track3-sys019-utt053.wav,3.6,4.4,4.383010328219408,4.346377520742696
sys021,utt200,wav/vmc2026-track3-sys021-utt200.wav,wav/vmc2026-track3-sys019-utt199.wav,4.0,4.6,4.2520610257339655,4.340205361787947
sys004,utt242,wav/vmc2026-track3-sys004-utt242.wav,wav/vmc2026-track3-sys019-utt241.wav,2.75,3.0,3.839640271705198,3.846758430595209
sys015,utt100,wav/vmc2026-track3-sys015-utt100.wav,wav/vmc2026-track3-sys019-utt099.wav,3.6,4.8,3.9360738813462297,4.068841437225635
sys004,utt118,wav/vmc2026-track3-sys004-utt118.wav,wav/vmc2026-track3-sys019-utt117.wav,2.75,3.25,3.552953712996036,3.41782931122249
sys004,utt158,wav/vmc2026-track3-sys004-utt158.wav,wav/vmc2026-track3-sys019-utt157.wav,3.25,3.5,3.715389308529746,3.8671889737318934
sys021,utt190,wav/vmc2026-track3-sys021-utt190.wav,wav/vmc2026-track3-sys019-utt189.wav,1.8,2.4,3.8536417593773615,3.63971887404334
sys026,utt054,wav/vmc2026-track3-sys026-utt054.wav,wav/vmc2026-track3-sys019-utt053.wav,3.2,3.8,3.8228155081126536,3.858991453156894
sys004,utt060,wav/vmc2026-track3-sys004-utt060.wav,wav/vmc2026-track3-sys019-utt059.wav,3.0,3.25,3.452546555768919,3.7308180239171813
sys004,utt228,wav/vmc2026-track3-sys004-utt228.wav,wav/vmc2026-track3-sys019-utt227.wav,3.0,3.25,3.4071801129762407,3.7647110857851334
sys025,utt188,wav/vmc2026-track3-sys025-utt188.wav,wav/vmc2026-track3-sys019-utt187.wav,3.6,3.8,3.8359349421825577,3.854773360946787
sys021,utt130,wav/vmc2026-track3-sys021-utt130.wav,wav/vmc2026-track3-sys019-utt129.wav,3.4,3.4,3.962579506473519,3.767171574140083
sys017,utt054,wav/vmc2026-track3-sys017-utt054.wav,wav/vmc2026-track3-sys019-utt053.wav,3.2,4.0,4.17371774641468,4.141754990059992
sys004,utt298,wav/vmc2026-track3-sys004-utt298.wav,wav/vmc2026-track3-sys019-utt297.wav,3.0,3.0,3.6015919140164407,3.6956575021396474
sys004,utt074,wav/vmc2026-track3-sys004-utt074.wav,wav/vmc2026-track3-sys019-utt073.wav,3.25,3.0,3.3891374060723796,3.5324921113162606
sys026,utt094,wav/vmc2026-track3-sys026-utt094.wav,wav/vmc2026-track3-sys019-utt093.wav,2.8,3.2,3.8258838625148845,3.7357409767574183
sys006,utt240,wav/vmc2026-track3-sys006-utt240.wav,wav/vmc2026-track3-sys019-utt239.wav,5.0,5.0,4.161583585498748,4.031433183625307
sys004,utt150,wav/vmc2026-track3-sys004-utt150.wav,wav/vmc2026-track3-sys019-utt149.wav,2.5,2.75,3.400386078192217,3.4434454224804374
sys004,utt192,wav/vmc2026-track3-sys004-utt192.wav,wav/vmc2026-track3-sys019-utt191.wav,2.75,3.5,3.2566202270198454,3.3814560514417025
sys003,utt100,wav/vmc2026-track3-sys003-utt100.wav,wav/vmc2026-track3-sys019-utt099.wav,4.2,4.4,4.255938361108951,4.182722867628749
sys021,utt154,wav/vmc2026-track3-sys021-utt154.wav,wav/vmc2026-track3-sys019-utt153.wav,3.6,3.8,4.138655758741479,4.002215136750333
sys004,utt040,wav/vmc2026-track3-sys004-utt040.wav,wav/vmc2026-track3-sys019-utt039.wav,3.75,4.25,3.69668015095371,3.6428964081179895
sys018,utt096,wav/vmc2026-track3-sys018-utt096.wav,wav/vmc2026-track3-sys019-utt095.wav,1.8,1.6,3.5147618490371286,3.7749351960828568
sys007,utt222,wav/vmc2026-track3-sys007-utt222.wav,wav/vmc2026-track3-sys019-utt221.wav,3.8,3.0,3.4329427057579274,3.7815397941779283
sys004,utt176,wav/vmc2026-track3-sys004-utt176.wav,wav/vmc2026-track3-sys019-utt175.wav,3.8,4.2,2.927711621902064,2.93254036372439
sys021,utt004,wav/vmc2026-track3-sys021-utt004.wav,wav/vmc2026-track3-sys019-utt003.wav,4.6,4.4,3.8277033981655735,3.822582820936457
sys004,utt246,wav/vmc2026-track3-sys004-utt246.wav,wav/vmc2026-track3-sys019-utt245.wav,4.4,4.2,3.427575632948779,3.6176054360593666
sys021,utt280,wav/vmc2026-track3-sys021-utt280.wav,wav/vmc2026-track3-sys019-utt279.wav,4.2,4.0,4.103377429494456,4.033249885124674
sys015,utt060,wav/vmc2026-track3-sys015-utt060.wav,wav/vmc2026-track3-sys019-utt059.wav,4.8,4.0,3.7269849692282677,4.212533487137752
sys021,utt080,wav/vmc2026-track3-sys021-utt080.wav,wav/vmc2026-track3-sys019-utt079.wav,4.8,4.2,3.9133242538095376,3.556299182392878
sys016,utt240,wav/vmc2026-track3-sys016-utt240.wav,wav/vmc2026-track3-sys019-utt239.wav,3.0,3.2,3.5345328049885434,3.8223301807143573
sys015,utt188,wav/vmc2026-track3-sys015-utt188.wav,wav/vmc2026-track3-sys019-utt187.wav,3.6,3.8,4.060896922475605,4.077946688915962
sys009,utt052,wav/vmc2026-track3-sys009-utt052.wav,wav/vmc2026-track3-sys019-utt051.wav,5.0,4.8,4.401455794401941,4.273923559148087
sys004,utt014,wav/vmc2026-track3-sys004-utt014.wav,wav/vmc2026-track3-sys019-utt013.wav,4.2,3.8,3.678345077278217,3.845459621825816
sys004,utt064,wav/vmc2026-track3-sys004-utt064.wav,wav/vmc2026-track3-sys019-utt063.wav,3.6,4.0,3.3893075256513816,3.381465333566271
sys004,utt308,wav/vmc2026-track3-sys004-utt308.wav,wav/vmc2026-track3-sys019-utt307.wav,3.4,3.6,3.589510048507769,3.7315531452854573
sys021,utt246,wav/vmc2026-track3-sys021-utt246.wav,wav/vmc2026-track3-sys019-utt245.wav,2.8,2.4,4.019956680642519,3.607925725001289
sys021,utt008,wav/vmc2026-track3-sys021-utt008.wav,wav/vmc2026-track3-sys019-utt007.wav,4.6,4.2,4.139393328916924,3.8873418688025354
sys021,utt238,wav/vmc2026-track3-sys021-utt238.wav,wav/vmc2026-track3-sys019-utt237.wav,3.6,2.2,4.043593607266697,3.777422260292893
sys021,utt100,wav/vmc2026-track3-sys021-utt100.wav,wav/vmc2026-track3-sys019-utt099.wav,2.4,1.2,3.9253275601747792,3.5408373428331656
sys005,utt098,wav/vmc2026-track3-sys005-utt098.wav,wav/vmc2026-track3-sys019-utt097.wav,4.2,3.8,3.251401512131011,3.3969430815467554
sys026,utt056,wav/vmc2026-track3-sys026-utt056.wav,wav/vmc2026-track3-sys019-utt055.wav,4.2,3.6,3.8810437611042214,4.110157777223733
sys004,utt230,wav/vmc2026-track3-sys004-utt230.wav,wav/vmc2026-track3-sys019-utt229.wav,3.0,3.2,3.3490271077411284,3.7238483287273896
sys004,utt188,wav/vmc2026-track3-sys004-utt188.wav,wav/vmc2026-track3-sys019-utt187.wav,2.8,3.2,3.446489170358078,3.567188271073788
sys021,utt240,wav/vmc2026-track3-sys021-utt240.wav,wav/vmc2026-track3-sys019-utt239.wav,3.4,2.6,3.7486597696677784,3.5460042286132722
sys004,utt124,wav/vmc2026-track3-sys004-utt124.wav,wav/vmc2026-track3-sys019-utt123.wav,3.0,3.2,3.5608757885731936,3.5888782640778976
sys021,utt298,wav/vmc2026-track3-sys021-utt298.wav,wav/vmc2026-track3-sys019-utt297.wav,3.6,3.0,4.02489655874338,3.781839448950323
sys004,utt178,wav/vmc2026-track3-sys004-utt178.wav,wav/vmc2026-track3-sys019-utt177.wav,3.8,3.8,3.3451912292145862,3.2547831142090793
sys021,utt032,wav/vmc2026-track3-sys021-utt032.wav,wav/vmc2026-track3-sys019-utt031.wav,4.0,3.8,3.7594384657522553,3.3494913895743066
sys004,utt318,wav/vmc2026-track3-sys004-utt318.wav,wav/vmc2026-track3-sys019-utt317.wav,3.0,3.2,3.4594149638539395,3.659531748718976
sys021,utt184,wav/vmc2026-track3-sys021-utt184.wav,wav/vmc2026-track3-sys019-utt183.wav,3.6,3.8,3.9677716521617072,3.8720549488782696
sys021,utt164,wav/vmc2026-track3-sys021-utt164.wav,wav/vmc2026-track3-sys019-utt163.wav,3.4,3.2,3.5774532622836106,3.606921519072489
sys021,utt244,wav/vmc2026-track3-sys021-utt244.wav,wav/vmc2026-track3-sys019-utt243.wav,3.8,2.4,4.1144444606976505,3.839463589467125
sys024,utt058,wav/vmc2026-track3-sys024-utt058.wav,wav/vmc2026-track3-sys019-utt057.wav,5.0,4.2,4.266640178987542,4.394054798080422
sys004,utt222,wav/vmc2026-track3-sys004-utt222.wav,wav/vmc2026-track3-sys019-utt221.wav,3.0,3.2,3.083883066734883,3.5275567535623003
sys021,utt140,wav/vmc2026-track3-sys021-utt140.wav,wav/vmc2026-track3-sys019-utt139.wav,3.2,2.8,3.513412990367256,3.1297277862158217
sys004,utt090,wav/vmc2026-track3-sys004-utt090.wav,wav/vmc2026-track3-sys019-utt089.wav,2.6,2.6,3.540699084690901,3.5578308771280946
sys014,utt060,wav/vmc2026-track3-sys014-utt060.wav,wav/vmc2026-track3-sys019-utt059.wav,5.0,4.4,4.352016139575963,4.514104571674392
sys017,utt094,wav/vmc2026-track3-sys017-utt094.wav,wav/vmc2026-track3-sys019-utt093.wav,4.8,4.8,4.296275664789104,4.311760052357773
sys021,utt002,wav/vmc2026-track3-sys021-utt002.wav,wav/vmc2026-track3-sys019-utt001.wav,3.8,3.4,3.8571718377546564,3.794163832546758
sys021,utt170,wav/vmc2026-track3-sys021-utt170.wav,wav/vmc2026-track3-sys019-utt169.wav,4.6,4.8,3.807232976357013,3.738279061736802
sys021,utt234,wav/vmc2026-track3-sys021-utt234.wav,wav/vmc2026-track3-sys019-utt233.wav,3.6,2.2,3.808012829683996,3.5128352357376302
sys004,utt152,wav/vmc2026-track3-sys004-utt152.wav,wav/vmc2026-track3-sys019-utt151.wav,3.6,3.8,3.628918510345007,3.7961439587399903
sys025,utt094,wav/vmc2026-track3-sys025-utt094.wav,wav/vmc2026-track3-sys019-utt093.wav,4.4,4.4,3.5244140059111335,3.7827666112827147
sys021,utt156,wav/vmc2026-track3-sys021-utt156.wav,wav/vmc2026-track3-sys019-utt155.wav,3.2,2.6,4.201323286308789,4.203829434163357
sys008,utt098,wav/vmc2026-track3-sys008-utt098.wav,wav/vmc2026-track3-sys019-utt097.wav,5.0,5.0,4.6462849756496345,4.515412124546473
sys021,utt278,wav/vmc2026-track3-sys021-utt278.wav,wav/vmc2026-track3-sys019-utt277.wav,4.0,4.2,3.8726718782924916,3.705191866960685
sys021,utt316,wav/vmc2026-track3-sys021-utt316.wav,wav/vmc2026-track3-sys019-utt315.wav,3.8,3.6,3.5604955987819435,3.562772383081869
sys004,utt310,wav/vmc2026-track3-sys004-utt310.wav,wav/vmc2026-track3-sys019-utt309.wav,3.4,3.4,3.7735286334527323,3.839559905377882
sys021,utt302,wav/vmc2026-track3-sys021-utt302.wav,wav/vmc2026-track3-sys019-utt301.wav,4.4,4.2,3.799972929799466,3.7920598958763927
sys004,utt306,wav/vmc2026-track3-sys004-utt306.wav,wav/vmc2026-track3-sys019-utt305.wav,2.8,3.2,3.590580090493862,3.63788151514882
sys021,utt104,wav/vmc2026-track3-sys021-utt104.wav,wav/vmc2026-track3-sys019-utt103.wav,4.0,3.8,3.749577487440644,3.7675022209434377
sys004,utt012,wav/vmc2026-track3-sys004-utt012.wav,wav/vmc2026-track3-sys019-utt011.wav,3.2,3.4,3.4541680090113025,3.5960363595904834
sys004,utt142,wav/vmc2026-track3-sys004-utt142.wav,wav/vmc2026-track3-sys019-utt141.wav,2.8,2.8,3.529910851229645,3.428482619532414
sys004,utt244,wav/vmc2026-track3-sys004-utt244.wav,wav/vmc2026-track3-sys019-utt243.wav,3.8,4.2,3.599648268174791,3.63626390746484
sys004,utt240,wav/vmc2026-track3-sys004-utt240.wav,wav/vmc2026-track3-sys019-utt239.wav,3.2,3.4,3.3327396353883074,3.433682013122569
sys021,utt158,wav/vmc2026-track3-sys021-utt158.wav,wav/vmc2026-track3-sys019-utt157.wav,4.6,4.0,4.266656025853134,4.134488099024926
sys021,utt248,wav/vmc2026-track3-sys021-utt248.wav,wav/vmc2026-track3-sys019-utt247.wav,4.2,4.0,4.239190897556829,4.043092929216943
sys021,utt230,wav/vmc2026-track3-sys021-utt230.wav,wav/vmc2026-track3-sys019-utt229.wav,4.4,4.0,4.141281029129928,4.190118229466189
sys014,utt052,wav/vmc2026-track3-sys014-utt052.wav,wav/vmc2026-track3-sys019-utt051.wav,5.0,4.8,4.293795883080258,4.438904606258367
sys021,utt192,wav/vmc2026-track3-sys021-utt192.wav,wav/vmc2026-track3-sys019-utt191.wav,4.2,3.8,3.959893360863548,4.048822164605988
sys021,utt132,wav/vmc2026-track3-sys021-utt132.wav,wav/vmc2026-track3-sys019-utt131.wav,3.2,2.0,3.6104135444606134,3.2744385233146263
sys024,utt240,wav/vmc2026-track3-sys024-utt240.wav,wav/vmc2026-track3-sys019-utt239.wav,4.6,4.6,4.066366124737851,4.177831389950931
sys013,utt054,wav/vmc2026-track3-sys013-utt054.wav,wav/vmc2026-track3-sys019-utt053.wav,4.2,4.2,4.043154227118348,4.092858775269002
sys004,utt266,wav/vmc2026-track3-sys004-utt266.wav,wav/vmc2026-track3-sys019-utt265.wav,2.4,3.4,3.0040106925949472,3.4484826770583594
sys004,utt112,wav/vmc2026-track3-sys004-utt112.wav,wav/vmc2026-track3-sys019-utt111.wav,3.4,3.6,3.64885755814018,3.4829814724211228
sys021,utt232,wav/vmc2026-track3-sys021-utt232.wav,wav/vmc2026-track3-sys019-utt231.wav,4.2,2.8,3.9073073602186037,3.589470962380567
sys021,utt018,wav/vmc2026-track3-sys021-utt018.wav,wav/vmc2026-track3-sys019-utt017.wav,4.4,4.0,4.384321015344208,4.0356897629394215
sys006,utt060,wav/vmc2026-track3-sys006-utt060.wav,wav/vmc2026-track3-sys019-utt059.wav,4.6,4.6,4.3142234138462054,4.496677436827621
sys004,utt082,wav/vmc2026-track3-sys004-utt082.wav,wav/vmc2026-track3-sys019-utt081.wav,3.6,3.8,3.4711266504795635,3.502183776488256
sys018,utt100,wav/vmc2026-track3-sys018-utt100.wav,wav/vmc2026-track3-sys019-utt099.wav,2.4,3.4,3.579790270787906,3.7330199589359117
sys004,utt098,wav/vmc2026-track3-sys004-utt098.wav,wav/vmc2026-track3-sys019-utt097.wav,4.2,3.6,3.5124508976281263,3.5009696949652063
sys009,utt060,wav/vmc2026-track3-sys009-utt060.wav,wav/vmc2026-track3-sys019-utt059.wav,4.8,4.6,4.359389701514796,4.277334558251788
sys021,utt068,wav/vmc2026-track3-sys021-utt068.wav,wav/vmc2026-track3-sys019-utt067.wav,2.6,2.4,3.987255325447755,3.6358335757631783
sys004,utt070,wav/vmc2026-track3-sys004-utt070.wav,wav/vmc2026-track3-sys019-utt069.wav,3.4,3.2,3.545122995303351,3.466506834257942
sys018,utt092,wav/vmc2026-track3-sys018-utt092.wav,wav/vmc2026-track3-sys019-utt091.wav,1.8,3.0,3.355640032912394,3.5632781289382156
sys025,utt054,wav/vmc2026-track3-sys025-utt054.wav,wav/vmc2026-track3-sys019-utt053.wav,2.8,3.8,3.5848047439404906,3.878761190514098
sys005,utt100,wav/vmc2026-track3-sys005-utt100.wav,wav/vmc2026-track3-sys019-utt099.wav,3.8,4.0,3.2980252971182993,3.4149142387531866
sys024,utt060,wav/vmc2026-track3-sys024-utt060.wav,wav/vmc2026-track3-sys019-utt059.wav,4.4,4.4,4.268276956757248,4.350833046420908
sys011,utt092,wav/vmc2026-track3-sys011-utt092.wav,wav/vmc2026-track3-sys019-utt091.wav,4.8,4.8,4.385389899341398,4.245435006645741
sys022,utt054,wav/vmc2026-track3-sys022-utt054.wav,wav/vmc2026-track3-sys019-utt053.wav,3.8,4.0,3.9390065571067887,3.9344973398477707
sys022,utt056,wav/vmc2026-track3-sys022-utt056.wav,wav/vmc2026-track3-sys019-utt055.wav,4.6,5.0,3.893111416883145,3.920592478671895
sys017,utt188,wav/vmc2026-track3-sys017-utt188.wav,wav/vmc2026-track3-sys019-utt187.wav,4.2,4.0,4.05737465254014,4.060551883742668
sys021,utt082,wav/vmc2026-track3-sys021-utt082.wav,wav/vmc2026-track3-sys019-utt081.wav,4.0,2.8,3.8564988391071164,3.5899618242840896
sys007,utt060,wav/vmc2026-track3-sys007-utt060.wav,wav/vmc2026-track3-sys019-utt059.wav,3.8,4.2,3.657502192059727,3.8907411547452413
sys006,utt052,wav/vmc2026-track3-sys006-utt052.wav,wav/vmc2026-track3-sys019-utt051.wav,4.6,4.8,4.305554272880786,4.462060685473381
sys005,utt096,wav/vmc2026-track3-sys005-utt096.wav,wav/vmc2026-track3-sys019-utt095.wav,3.8,3.6,3.3576978262540096,3.4094931200052754
sys007,utt098,wav/vmc2026-track3-sys007-utt098.wav,wav/vmc2026-track3-sys019-utt097.wav,4.0,4.0,3.8227896600111966,3.7578390430403488
sys004,utt134,wav/vmc2026-track3-sys004-utt134.wav,wav/vmc2026-track3-sys019-utt133.wav,3.8,3.8,3.1813425799979034,3.1202025285857973
sys020,utt100,wav/vmc2026-track3-sys020-utt100.wav,wav/vmc2026-track3-sys019-utt099.wav,3.8,4.0,2.654976220718221,2.9101186828515493
sys022,utt188,wav/vmc2026-track3-sys022-utt188.wav,wav/vmc2026-track3-sys019-utt187.wav,4.2,4.2,3.7416378474972687,3.761423995912419
sys001,utt054,wav/vmc2026-track3-sys001-utt054.wav,wav/vmc2026-track3-sys019-utt053.wav,4.6,4.6,4.175975414207331,4.185706531617672
sys004,utt022,wav/vmc2026-track3-sys004-utt022.wav,wav/vmc2026-track3-sys019-utt021.wav,3.8,3.8,3.6643871080371198,3.702128606925294
sys021,utt264,wav/vmc2026-track3-sys021-utt264.wav,wav/vmc2026-track3-sys019-utt263.wav,4.8,4.8,3.8659184094616608,4.035676441880673
sys012,utt188,wav/vmc2026-track3-sys012-utt188.wav,wav/vmc2026-track3-sys019-utt187.wav,4.0,4.0,3.7304643095266043,3.580690354728168
sys004,utt256,wav/vmc2026-track3-sys004-utt256.wav,wav/vmc2026-track3-sys019-utt255.wav,3.4,3.6,2.77939878480352,2.807083797118867
sys021,utt126,wav/vmc2026-track3-sys021-utt126.wav,wav/vmc2026-track3-sys019-utt125.wav,3.0,3.4,4.153490351437871,4.162284170884037
sys004,utt154,wav/vmc2026-track3-sys004-utt154.wav,wav/vmc2026-track3-sys019-utt153.wav,3.6,4.2,3.81684144079083,3.9129341855530972
sys020,utt052,wav/vmc2026-track3-sys020-utt052.wav,wav/vmc2026-track3-sys019-utt051.wav,4.2,4.4,3.1225800397792796,3.4076190438877534
sys004,utt126,wav/vmc2026-track3-sys004-utt126.wav,wav/vmc2026-track3-sys019-utt125.wav,4.0,3.8,3.829841528600783,3.8627247579440493
sys021,utt092,wav/vmc2026-track3-sys021-utt092.wav,wav/vmc2026-track3-sys019-utt091.wav,4.6,4.4,3.8487978249563213,3.665074860783332
sys006,utt056,wav/vmc2026-track3-sys006-utt056.wav,wav/vmc2026-track3-sys019-utt055.wav,4.6,4.2,4.353261921290516,4.485587082022912
sys004,utt160,wav/vmc2026-track3-sys004-utt160.wav,wav/vmc2026-track3-sys019-utt159.wav,3.6,3.6,3.775379513709214,3.7396693693672294
sys022,utt052,wav/vmc2026-track3-sys022-utt052.wav,wav/vmc2026-track3-sys019-utt051.wav,4.6,4.2,3.832635932513986,3.913706166283089
sys004,utt120,wav/vmc2026-track3-sys004-utt120.wav,wav/vmc2026-track3-sys019-utt119.wav,3.6,3.6,3.570656199542862,3.572407158092944
sys004,utt072,wav/vmc2026-track3-sys004-utt072.wav,wav/vmc2026-track3-sys019-utt071.wav,3.4,3.8,3.374216864731177,3.5369454546923493
sys002,utt188,wav/vmc2026-track3-sys002-utt188.wav,wav/vmc2026-track3-sys019-utt187.wav,4.6,4.8,4.019488755141407,4.002311864109297
sys004,utt264,wav/vmc2026-track3-sys004-utt264.wav,wav/vmc2026-track3-sys019-utt263.wav,3.8,3.8,3.1911584375007527,3.558105317801148
sys004,utt078,wav/vmc2026-track3-sys004-utt078.wav,wav/vmc2026-track3-sys019-utt077.wav,3.4,3.8,3.3354459378453494,3.4849658800248666
sys004,utt200,wav/vmc2026-track3-sys004-utt200.wav,wav/vmc2026-track3-sys019-utt199.wav,3.0,3.0,3.279235761657025,3.554228371156399
sys025,utt098,wav/vmc2026-track3-sys025-utt098.wav,wav/vmc2026-track3-sys019-utt097.wav,3.4,4.2,3.7269112209716235,3.8421711578355304
sys021,utt210,wav/vmc2026-track3-sys021-utt210.wav,wav/vmc2026-track3-sys019-utt209.wav,4.2,4.2,3.741734706394038,3.5076035411710484
sys024,utt096,wav/vmc2026-track3-sys024-utt096.wav,wav/vmc2026-track3-sys019-utt095.wav,4.8,4.8,4.186555267900801,4.108311183011982
sys025,utt100,wav/vmc2026-track3-sys025-utt100.wav,wav/vmc2026-track3-sys019-utt099.wav,4.4,4.6,3.628407151822768,3.75795619681964
sys021,utt218,wav/vmc2026-track3-sys021-utt218.wav,wav/vmc2026-track3-sys019-utt217.wav,4.6,4.4,4.296895292687017,4.348411307681656
sys008,utt094,wav/vmc2026-track3-sys008-utt094.wav,wav/vmc2026-track3-sys019-utt093.wav,4.8,4.4,4.499479698452445,4.408295305410019
sys004,utt258,wav/vmc2026-track3-sys004-utt258.wav,wav/vmc2026-track3-sys019-utt257.wav,4.0,4.0,3.397659910333513,3.412039835448921
sys004,utt252,wav/vmc2026-track3-sys004-utt252.wav,wav/vmc2026-track3-sys019-utt251.wav,4.0,4.2,3.424857857038129,3.4230479506069926
sys001,utt100,wav/vmc2026-track3-sys001-utt100.wav,wav/vmc2026-track3-sys019-utt099.wav,4.0,4.2,4.160177509224118,4.189466255019408
sys021,utt122,wav/vmc2026-track3-sys021-utt122.wav,wav/vmc2026-track3-sys019-utt121.wav,4.6,4.6,3.9073722491439282,3.944430454703086
sys018,utt060,wav/vmc2026-track3-sys018-utt060.wav,wav/vmc2026-track3-sys019-utt059.wav,4.2,4.2,3.5399352923272005,3.837255582456245
sys022,utt240,wav/vmc2026-track3-sys022-utt240.wav,wav/vmc2026-track3-sys019-utt239.wav,4.6,4.6,3.83653577539516,3.933469420257356
sys004,utt100,wav/vmc2026-track3-sys004-utt100.wav,wav/vmc2026-track3-sys019-utt099.wav,3.8,4.0,3.436244931908428,3.5939190637406004
sys017,utt060,wav/vmc2026-track3-sys017-utt060.wav,wav/vmc2026-track3-sys019-utt059.wav,3.4,4.0,4.299520017373916,4.413255126330649
sys021,utt314,wav/vmc2026-track3-sys021-utt314.wav,wav/vmc2026-track3-sys019-utt313.wav,4.6,4.6,3.8990927030911657,3.80094074993689
sys021,utt172,wav/vmc2026-track3-sys021-utt172.wav,wav/vmc2026-track3-sys019-utt171.wav,1.25,1.25,3.6560218767708745,3.3104282964508016
sys001,utt098,wav/vmc2026-track3-sys001-utt098.wav,wav/vmc2026-track3-sys019-utt097.wav,3.25,3.25,4.254115921593997,4.189614538630479
sys021,utt304,wav/vmc2026-track3-sys021-utt304.wav,wav/vmc2026-track3-sys019-utt303.wav,2.5,2.5,3.724842249076731,3.9091195557471545
sys004,utt102,wav/vmc2026-track3-sys004-utt102.wav,wav/vmc2026-track3-sys019-utt101.wav,2.0,2.0,3.1976067351493977,3.4633096475936105
sys014,utt098,wav/vmc2026-track3-sys014-utt098.wav,wav/vmc2026-track3-sys019-utt097.wav,4.75,4.75,4.5343756040513865,4.427487357497891
sys004,utt122,wav/vmc2026-track3-sys004-utt122.wav,wav/vmc2026-track3-sys019-utt121.wav,2.5,2.75,3.542251590141067,3.5908575395924256
sys021,utt268,wav/vmc2026-track3-sys021-utt268.wav,wav/vmc2026-track3-sys019-utt267.wav,3.5,3.5,4.02503483582255,4.06162025726061
sys014,utt056,wav/vmc2026-track3-sys014-utt056.wav,wav/vmc2026-track3-sys019-utt055.wav,3.75,4.0,4.351987070186836,4.4449281108115795
sys021,utt300,wav/vmc2026-track3-sys021-utt300.wav,wav/vmc2026-track3-sys019-utt299.wav,1.75,1.5,3.762596039853749,3.8056356861365104
sys021,utt194,wav/vmc2026-track3-sys021-utt194.wav,wav/vmc2026-track3-sys019-utt193.wav,4.5,4.75,3.9596606587294345,4.117565762957344
sys002,utt092,wav/vmc2026-track3-sys002-utt092.wav,wav/vmc2026-track3-sys019-utt091.wav,4.0,3.75,4.071322169498793,3.96214429788073
sys021,utt078,wav/vmc2026-track3-sys021-utt078.wav,wav/vmc2026-track3-sys019-utt077.wav,4.0,3.75,4.226433570973439,4.011749016887535
sys001,utt240,wav/vmc2026-track3-sys001-utt240.wav,wav/vmc2026-track3-sys019-utt239.wav,4.25,4.25,4.00938769489166,3.909106616866748
sys004,utt042,wav/vmc2026-track3-sys004-utt042.wav,wav/vmc2026-track3-sys019-utt041.wav,3.0,3.5,3.4953617838842206,3.7564763401114387
sys004,utt016,wav/vmc2026-track3-sys004-utt016.wav,wav/vmc2026-track3-sys019-utt015.wav,3.25,3.5,3.4194607113496622,3.6495810657583765
sys009,utt092,wav/vmc2026-track3-sys009-utt092.wav,wav/vmc2026-track3-sys019-utt091.wav,4.25,3.5,4.237730599406541,4.000810652564714
sys011,utt060,wav/vmc2026-track3-sys011-utt060.wav,wav/vmc2026-track3-sys019-utt059.wav,5.0,5.0,4.3652777649181775,4.460717706273614
sys004,utt270,wav/vmc2026-track3-sys004-utt270.wav,wav/vmc2026-track3-sys019-utt269.wav,3.0,3.5,3.2191055596468114,3.5637917629490845
sys006,utt092,wav/vmc2026-track3-sys006-utt092.wav,wav/vmc2026-track3-sys019-utt091.wav,5.0,5.0,4.389732045098015,4.308724446152504
sys026,utt188,wav/vmc2026-track3-sys026-utt188.wav,wav/vmc2026-track3-sys019-utt187.wav,4.25,4.5,3.5060220201434156,3.5756018194616135
sys012,utt058,wav/vmc2026-track3-sys012-utt058.wav,wav/vmc2026-track3-sys019-utt057.wav,3.75,3.5,4.067389428000473,4.328063160218286
sys008,utt056,wav/vmc2026-track3-sys008-utt056.wav,wav/vmc2026-track3-sys019-utt055.wav,5.0,5.0,4.473137260070139,4.501315124534319
sys021,utt258,wav/vmc2026-track3-sys021-utt258.wav,wav/vmc2026-track3-sys019-utt257.wav,3.25,4.0,3.5418188807747586,3.561847681128775
sys020,utt098,wav/vmc2026-track3-sys020-utt098.wav,wav/vmc2026-track3-sys019-utt097.wav,2.5,2.5,2.853819280331137,3.139825921818439
sys013,utt094,wav/vmc2026-track3-sys013-utt094.wav,wav/vmc2026-track3-sys019-utt093.wav,4.75,4.5,4.030876707036301,3.979813447640851
sys007,utt092,wav/vmc2026-track3-sys007-utt092.wav,wav/vmc2026-track3-sys019-utt091.wav,2.75,2.5,3.787125982514877,3.74990470946278
sys008,utt092,wav/vmc2026-track3-sys008-utt092.wav,wav/vmc2026-track3-sys019-utt091.wav,5.0,5.0,4.508588405330154,4.363646990985756
sys004,utt184,wav/vmc2026-track3-sys004-utt184.wav,wav/vmc2026-track3-sys019-utt183.wav,3.25,3.25,3.4646675234358186,3.580316159617152
sys007,utt054,wav/vmc2026-track3-sys007-utt054.wav,wav/vmc2026-track3-sys019-utt053.wav,3.25,3.75,3.765774158906993,3.7304616525899914
sys021,utt030,wav/vmc2026-track3-sys021-utt030.wav,wav/vmc2026-track3-sys019-utt029.wav,4.25,4.0,4.024535623170874,3.896360230898761
sys021,utt206,wav/vmc2026-track3-sys021-utt206.wav,wav/vmc2026-track3-sys019-utt205.wav,3.0,3.0,4.171563159061155,3.895306079262858
sys004,utt058,wav/vmc2026-track3-sys004-utt058.wav,wav/vmc2026-track3-sys019-utt057.wav,2.75,3.0,3.6308192685749123,3.829337825135391
sys003,utt188,wav/vmc2026-track3-sys003-utt188.wav,wav/vmc2026-track3-sys019-utt187.wav,3.5,4.25,4.2763990397502285,4.273058442359456
sys024,utt056,wav/vmc2026-track3-sys024-utt056.wav,wav/vmc2026-track3-sys019-utt055.wav,3.75,3.75,4.289387108403053,4.313829199815332
sys005,utt054,wav/vmc2026-track3-sys005-utt054.wav,wav/vmc2026-track3-sys019-utt053.wav,2.75,3.0,3.604604009077588,3.747040023108965
sys021,utt150,wav/vmc2026-track3-sys021-utt150.wav,wav/vmc2026-track3-sys019-utt149.wav,3.25,3.25,3.597577789454849,3.3251457882767848
sys021,utt128,wav/vmc2026-track3-sys021-utt128.wav,wav/vmc2026-track3-sys019-utt127.wav,3.0,4.0,3.806481923370598,3.766124323683391
sys021,utt214,wav/vmc2026-track3-sys021-utt214.wav,wav/vmc2026-track3-sys019-utt213.wav,3.5,4.0,3.95424652102309,4.022895950375555
sys021,utt254,wav/vmc2026-track3-sys021-utt254.wav,wav/vmc2026-track3-sys019-utt253.wav,2.0,1.5,3.77580409572376,3.4595303012386487
sys004,utt218,wav/vmc2026-track3-sys004-utt218.wav,wav/vmc2026-track3-sys019-utt217.wav,3.0,3.25,3.315021583593096,3.5487850774328744
sys005,utt092,wav/vmc2026-track3-sys005-utt092.wav,wav/vmc2026-track3-sys019-utt091.wav,3.5,3.0,3.219424712984932,3.3191578541276603
sys013,utt098,wav/vmc2026-track3-sys013-utt098.wav,wav/vmc2026-track3-sys019-utt097.wav,3.5,2.25,4.165646375692517,4.080288452994975
sys026,utt096,wav/vmc2026-track3-sys026-utt096.wav,wav/vmc2026-track3-sys019-utt095.wav,2.75,3.25,3.7287946658318147,3.6718504651650616
sys004,utt018,wav/vmc2026-track3-sys004-utt018.wav,wav/vmc2026-track3-sys019-utt017.wav,3.25,3.5,3.61369127095105,3.5942990301202284
sys004,utt220,wav/vmc2026-track3-sys004-utt220.wav,wav/vmc2026-track3-sys019-utt219.wav,2.5,3.25,3.4185496032732465,3.551873339635192
sys021,utt076,wav/vmc2026-track3-sys021-utt076.wav,wav/vmc2026-track3-sys019-utt075.wav,3.75,3.5,3.8857972803528376,3.633836038818571
sys008,utt052,wav/vmc2026-track3-sys008-utt052.wav,wav/vmc2026-track3-sys019-utt051.wav,5.0,4.25,4.587487578349061,4.5808046199015315
sys023,utt094,wav/vmc2026-track3-sys023-utt094.wav,wav/vmc2026-track3-sys019-utt093.wav,4.5,3.5,4.401988376454277,4.293949664756857
sys012,utt096,wav/vmc2026-track3-sys012-utt096.wav,wav/vmc2026-track3-sys019-utt095.wav,3.75,3.25,3.8847857199161204,3.897793500903234
sys021,utt120,wav/vmc2026-track3-sys021-utt120.wav,wav/vmc2026-track3-sys019-utt119.wav,3.0,1.5,3.7630635426410883,3.499496215704761
sys016,utt098,wav/vmc2026-track3-sys016-utt098.wav,wav/vmc2026-track3-sys019-utt097.wav,3.0,3.0,3.523838588978048,3.652622243020198
sys014,utt240,wav/vmc2026-track3-sys014-utt240.wav,wav/vmc2026-track3-sys019-utt239.wav,4.75,5.0,4.209603929689365,4.046029302009528
sys021,utt074,wav/vmc2026-track3-sys021-utt074.wav,wav/vmc2026-track3-sys019-utt073.wav,2.75,1.75,3.772330858234038,3.452777584017876
sys004,utt284,wav/vmc2026-track3-sys004-utt284.wav,wav/vmc2026-track3-sys019-utt283.wav,3.5,3.5,3.5740797666680475,3.68628503711297
sys021,utt108,wav/vmc2026-track3-sys021-utt108.wav,wav/vmc2026-track3-sys019-utt107.wav,2.25,2.5,3.757119623530124,3.7726714940230517
sys004,utt128,wav/vmc2026-track3-sys004-utt128.wav,wav/vmc2026-track3-sys019-utt127.wav,3.0,3.0,3.6102724783053857,3.634827023484667
sys011,utt056,wav/vmc2026-track3-sys011-utt056.wav,wav/vmc2026-track3-sys019-utt055.wav,5.0,5.0,4.520715087860118,4.5241515646884585
sys001,utt058,wav/vmc2026-track3-sys001-utt058.wav,wav/vmc2026-track3-sys019-utt057.wav,4.0,3.75,4.315777595112345,4.484995411824306
sys018,utt056,wav/vmc2026-track3-sys018-utt056.wav,wav/vmc2026-track3-sys019-utt055.wav,3.0,3.75,3.714306531282025,3.994012596585241
